"","CPHI.Open","CPHI.High","CPHI.Low","CPHI.Close","CPHI.Volume","CPHI.Adjusted"
"1",0.18,0.18,0.17,0.17,160400,0.17
"2",0.17,0.17,0.17,0.17,172500,0.17
"3",0.17,0.2,0.17,0.2,1356000,0.2
"4",0.77,1.45,0.41,0.47,39309300,0.47
"5",0.48,0.59,0.41,0.58,9547500,0.58
"6",0.59,0.66,0.5,0.51,3870700,0.51
"7",0.49,0.56,0.43,0.47,2007100,0.47
"8",0.45,0.55,0.43,0.53,4343300,0.53
"9",0.62,0.62,0.44,0.49,2500700,0.49
"10",0.46,0.49,0.43,0.44,1434900,0.44
"11",0.44,0.46,0.42,0.43,773800,0.43
"12",0.44,0.46,0.38,0.41,1982600,0.41
"13",0.4,0.41,0.33,0.37,1240300,0.37
"14",0.37,0.37,0.31,0.36,995200,0.36
"15",0.36,0.41,0.34,0.37,908200,0.37
"16",0.37,0.4,0.37,0.38,569200,0.38
"17",0.39,0.39,0.36,0.37,531500,0.37
"18",0.36,0.4,0.34,0.37,849300,0.37
"19",0.37,0.38,0.34,0.34,310000,0.34
"20",0.36,0.36,0.32,0.34,372700,0.34
"21",0.34,0.36,0.33,0.33,345600,0.33
"22",0.33,0.36,0.31,0.34,599400,0.34
"23",0.36,0.36,0.32,0.33,272400,0.33
"24",0.31,0.35,0.31,0.33,251900,0.33
"25",0.3,0.33,0.29,0.31,458500,0.31
"26",0.31,0.33,0.28,0.32,800700,0.32
"27",0.32,0.34,0.28,0.28,633600,0.28
"28",0.27,0.29,0.26,0.28,391800,0.28
"29",0.27,0.32,0.27,0.32,1082400,0.32
"30",0.28,0.35,0.28,0.33,856700,0.33
"31",0.35,0.35,0.3,0.33,399200,0.33
"32",0.32,0.35,0.31,0.32,205200,0.32
"33",0.33,0.34,0.32,0.33,186100,0.33
"34",0.35,0.35,0.32,0.32,379100,0.32
"35",0.32,0.35,0.31,0.34,430200,0.34
"36",0.35,0.45,0.33,0.4,3134300,0.4
"37",0.44,0.47,0.4,0.42,2508000,0.42
"38",0.44,0.44,0.38,0.39,1049600,0.39
"39",0.4,0.4,0.34,0.36,710700,0.36
"40",0.34,0.39,0.34,0.38,610100,0.38
"41",0.35,0.39,0.35,0.36,658900,0.36
"42",0.36,0.38,0.36,0.37,300700,0.37
"43",0.37,0.39,0.37,0.39,502900,0.39
"44",0.39,0.43,0.38,0.4,904300,0.4
"45",0.39,0.39,0.36,0.38,497200,0.38
"46",0.38,0.38,0.35,0.37,625400,0.37
"47",0.38,0.38,0.35,0.35,446900,0.35
"48",0.36,0.37,0.31,0.37,352500,0.37
"49",0.38,0.38,0.36,0.37,221500,0.37
"50",0.37,0.37,0.35,0.36,506600,0.36
"51",0.36,0.37,0.33,0.33,427600,0.33
"52",0.36,0.38,0.32,0.33,717500,0.33
"53",0.35,0.35,0.32,0.33,472300,0.33
"54",0.33,0.37,0.33,0.34,586500,0.34
"55",0.35,0.36,0.34,0.34,422800,0.34
"56",0.34,0.35,0.32,0.33,185600,0.33
"57",0.33,0.34,0.33,0.33,172300,0.33
"58",0.33,0.35,0.33,0.33,271900,0.33
"59",0.33,0.34,0.33,0.33,158800,0.33
"60",0.33,0.33,0.3,0.3,300900,0.3
"61",0.31,0.32,0.3,0.32,117700,0.32
"62",0.33,0.33,0.31,0.32,151200,0.32
"63",0.3,0.31,0.25,0.28,646300,0.28
"64",0.28,0.3,0.26,0.27,372500,0.27
"65",0.27,0.3,0.26,0.28,190300,0.28
"66",0.29,0.31,0.27,0.28,318300,0.28
"67",0.29,0.3,0.26,0.28,351400,0.28
"68",0.28,0.3,0.27,0.28,376700,0.28
"69",0.29,0.33,0.27,0.29,1027600,0.29
"70",0.3,0.32,0.28,0.31,651600,0.31
"71",0.33,0.33,0.3,0.31,369300,0.31
"72",0.3,0.32,0.29,0.31,302200,0.31
"73",0.31,0.33,0.29,0.3,259600,0.3
"74",0.29,0.33,0.29,0.31,216900,0.31
"75",0.32,0.35,0.3,0.32,1488500,0.32
"76",0.32,0.32,0.3,0.3,204200,0.3
"77",0.31,0.33,0.3,0.31,299600,0.31
"78",0.31,0.32,0.3,0.31,231900,0.31
"79",0.31,0.31,0.28,0.3,339300,0.3
"80",0.3,0.3,0.27,0.28,364300,0.28
"81",0.28,0.28,0.27,0.28,211800,0.28
"82",0.28,0.28,0.27,0.27,77400,0.27
"83",0.27,0.29,0.26,0.27,419100,0.27
"84",0.28,0.28,0.26,0.27,357800,0.27
"85",0.28,0.29,0.26,0.27,410800,0.27
"86",0.28,0.31,0.26,0.28,1422900,0.28
"87",0.27,0.27,0.27,0.27,159800,0.27
"88",0.27,0.27,0.26,0.26,199400,0.26
"89",0.26,0.28,0.26,0.27,293800,0.27
"90",0.27,0.27,0.26,0.26,153500,0.26
"91",0.29,0.29,0.27,0.27,114900,0.27
"92",0.28,0.28,0.27,0.28,139400,0.28
"93",0.28,0.28,0.26,0.27,295400,0.27
"94",0.27,0.28,0.26,0.27,140500,0.27
"95",0.27,0.27,0.27,0.27,86300,0.27
"96",0.28,0.28,0.27,0.28,78100,0.28
"97",0.29,0.32,0.26,0.28,938000,0.28
"98",0.28,0.28,0.26,0.28,309000,0.28
"99",0.27,0.3,0.27,0.28,176600,0.28
"100",0.27,0.29,0.27,0.28,62900,0.28
"101",0.29,0.29,0.27,0.29,34600,0.29
"102",0.29,0.29,0.27,0.28,156800,0.28
"103",0.28,0.28,0.27,0.28,66100,0.28
"104",0.27,0.28,0.27,0.27,87200,0.27
"105",0.27,0.27,0.27,0.27,121700,0.27
"106",0.27,0.27,0.24,0.26,535600,0.26
"107",0.26,0.26,0.25,0.25,111600,0.25
"108",0.25,0.26,0.25,0.26,113200,0.26
"109",0.26,0.26,0.25,0.26,103500,0.26
"110",0.25,0.27,0.25,0.25,118200,0.25
"111",0.25,0.26,0.25,0.25,100100,0.25
"112",0.25,0.26,0.25,0.25,160400,0.25
"113",0.26,0.26,0.25,0.25,86000,0.25
"114",0.25,0.25,0.25,0.25,75900,0.25
"115",0.25,0.25,0.25,0.25,120000,0.25
"116",0.25,0.25,0.24,0.24,103900,0.24
"117",0.21,0.24,0.21,0.23,226300,0.23
"118",0.23,0.23,0.23,0.23,57600,0.23
"119",0.23,0.24,0.22,0.23,98200,0.23
"120",0.24,0.24,0.21,0.22,84500,0.22
"121",0.21,0.22,0.2,0.21,77500,0.21
"122",0.21,0.23,0.21,0.22,66500,0.22
"123",0.21,0.24,0.21,0.23,230800,0.23
"124",0.22,0.23,0.2,0.23,99400,0.23
"125",0.23,0.23,0.21,0.22,48800,0.22
"126",0.21,0.22,0.21,0.22,124400,0.22
"127",0.23,0.23,0.21,0.23,36000,0.23
"128",0.22,0.22,0.22,0.22,54500,0.22
"129",0.22,0.23,0.22,0.22,62000,0.22
"130",0.22,0.25,0.22,0.24,341500,0.24
"131",0.26,0.26,0.25,0.26,175500,0.26
"132",0.26,0.26,0.25,0.25,108200,0.25
"133",0.26,0.26,0.25,0.26,69800,0.26
"134",0.25,0.26,0.25,0.25,39200,0.25
"135",0.26,0.27,0.25,0.25,114900,0.25
"136",0.26,0.26,0.24,0.24,78400,0.24
"137",0.25,0.25,0.23,0.24,132400,0.24
"138",0.22,0.25,0.22,0.25,71500,0.25
"139",0.25,0.25,0.22,0.24,84600,0.24
"140",0.24,0.25,0.24,0.24,42500,0.24
"141",0.25,0.25,0.22,0.24,151400,0.24
"142",0.25,0.25,0.23,0.24,115900,0.24
"143",0.23,0.25,0.23,0.25,162200,0.25
"144",0.26,0.27,0.25,0.26,526100,0.26
"145",0.28,0.28,0.25,0.26,221600,0.26
"146",0.26,0.27,0.25,0.26,128700,0.26
"147",0.27,0.27,0.25,0.26,75100,0.26
"148",0.26,0.28,0.25,0.26,93200,0.26
"149",0.26,0.26,0.25,0.26,33700,0.26
"150",0.22,0.26,0.22,0.24,151500,0.24
"151",0.25,0.25,0.24,0.24,86900,0.24
"152",0.24,0.24,0.22,0.24,127900,0.24
"153",0.23,0.25,0.23,0.24,50700,0.24
"154",0.25,0.25,0.23,0.24,33100,0.24
"155",0.24,0.25,0.23,0.24,51600,0.24
"156",0.24,0.25,0.24,0.25,92800,0.25
"157",0.26,0.26,0.22,0.23,206500,0.23
"158",0.22,0.23,0.22,0.23,69500,0.23
"159",0.23,0.23,0.22,0.22,79600,0.22
"160",0.23,0.23,0.22,0.23,120300,0.23
"161",0.22,0.24,0.22,0.23,98200,0.23
"162",0.25,0.25,0.23,0.23,68200,0.23
"163",0.24,0.24,0.23,0.23,43300,0.23
"164",0.23,0.24,0.23,0.23,47900,0.23
"165",0.25,0.25,0.22,0.25,210000,0.25
"166",0.24,0.26,0.23,0.25,448100,0.25
"167",0.26,0.27,0.25,0.25,205300,0.25
"168",0.23,0.26,0.23,0.25,85800,0.25
"169",0.25,0.26,0.24,0.24,46300,0.24
"170",0.24,0.26,0.24,0.24,88500,0.24
"171",0.25,0.25,0.24,0.24,71800,0.24
"172",0.25,0.25,0.24,0.24,68300,0.24
"173",0.22,0.23,0.22,0.23,127000,0.23
"174",0.23,0.24,0.22,0.23,160100,0.23
"175",0.22,0.23,0.22,0.23,65200,0.23
"176",0.24,0.24,0.22,0.23,92800,0.23
"177",0.22,0.24,0.22,0.23,47600,0.23
"178",0.22,0.23,0.22,0.22,47800,0.22
"179",0.22,0.22,0.19,0.21,335900,0.21
"180",0.2,0.22,0.19,0.22,158300,0.22
"181",0.22,0.22,0.2,0.22,75900,0.22
"182",0.22,0.22,0.21,0.22,88100,0.22
"183",0.23,0.23,0.21,0.21,73700,0.21
"184",0.21,0.22,0.2,0.21,104300,0.21
"185",0.22,0.22,0.19,0.2,220200,0.2
"186",0.19,0.21,0.19,0.2,79300,0.2
"187",0.21,0.21,0.2,0.2,137600,0.2
"188",0.21,0.21,0.2,0.2,57400,0.2
"189",0.21,0.22,0.2,0.21,92300,0.21
"190",0.2,0.21,0.2,0.2,1e+05,0.2
"191",0.21,0.25,0.2,0.23,829600,0.23
"192",0.23,0.24,0.22,0.23,181300,0.23
"193",0.24,0.24,0.22,0.22,47200,0.22
"194",0.24,0.27,0.22,0.24,605000,0.24
"195",0.26,0.32,0.24,0.3,1678700,0.3
"196",0.29,0.3,0.26,0.28,570800,0.28
"197",0.28,0.28,0.24,0.25,289600,0.25
"198",0.27,0.27,0.24,0.25,110200,0.25
"199",0.27,0.27,0.24,0.25,115800,0.25
"200",0.25,0.25,0.24,0.24,54500,0.24
"201",0.26,0.28,0.23,0.27,478700,0.27
"202",0.26,0.84,0.25,0.45,24390000,0.45
"203",0.64,0.7,0.4,0.43,9560500,0.43
"204",0.44,0.45,0.32,0.35,2148400,0.35
"205",0.33,0.45,0.3,0.38,3800500,0.38
"206",0.39,0.43,0.36,0.38,1171000,0.38
"207",0.38,0.38,0.32,0.34,674500,0.34
"208",0.36,0.4,0.3,0.33,1271800,0.33
"209",0.32,0.35,0.31,0.31,630900,0.31
"210",0.31,0.32,0.3,0.31,352400,0.31
"211",0.31,0.38,0.31,0.34,789400,0.34
"212",0.33,0.39,0.32,0.36,1805600,0.36
"213",0.38,0.42,0.35,0.36,1925100,0.36
"214",0.36,0.38,0.34,0.38,1014700,0.38
"215",0.36,0.37,0.33,0.35,497500,0.35
"216",0.36,0.36,0.33,0.35,204800,0.35
"217",0.33,0.35,0.32,0.35,255600,0.35
"218",0.34,0.35,0.32,0.33,287400,0.33
"219",0.32,0.33,0.3,0.3,185000,0.3
"220",0.32,0.48,0.31,0.36,4637600,0.36
"221",0.37,0.37,0.34,0.36,512700,0.36
"222",0.33,0.34,0.3,0.33,1806500,0.33
"223",0.31,0.34,0.3,0.32,438900,0.32
"224",0.32,0.33,0.3,0.33,249900,0.33
"225",0.3,0.32,0.3,0.31,177000,0.31
"226",0.31,0.32,0.3,0.31,124400,0.31
"227",0.32,0.32,0.31,0.31,47200,0.31
"228",0.31,0.32,0.31,0.32,144000,0.32
"229",0.32,0.33,0.31,0.32,132600,0.32
"230",0.31,0.33,0.3,0.32,181500,0.32
"231",0.3,0.32,0.3,0.31,94800,0.31
"232",0.32,0.32,0.3,0.31,262500,0.31
"233",0.32,0.34,0.3,0.31,453800,0.31
"234",0.31,0.31,0.26,0.28,470000,0.28
"235",0.26,0.28,0.24,0.26,709700,0.26
"236",0.26,0.27,0.25,0.25,168800,0.25
"237",0.25,0.26,0.25,0.25,66700,0.25
"238",0.28,0.28,0.25,0.25,107600,0.25
"239",0.25,0.25,0.24,0.25,191500,0.25
"240",0.25,0.28,0.24,0.25,277600,0.25
"241",0.26,0.26,0.24,0.24,78900,0.24
"242",0.25,0.25,0.23,0.23,79700,0.23
"243",0.23,0.24,0.23,0.23,184900,0.23
"244",0.24,0.24,0.22,0.22,154900,0.22
"245",0.21,0.23,0.21,0.21,137300,0.21
"246",0.21,0.24,0.21,0.21,334000,0.21
"247",0.22,0.23,0.2,0.2,165000,0.2
"248",0.2,0.21,0.2,0.21,503800,0.21
"249",0.26,0.26,0.21,0.21,159300,0.21
"250",0.21,0.23,0.21,0.22,172200,0.22
"251",0.23,0.26,0.21,0.26,845900,0.26
"252",0.22,0.25,0.22,0.24,254800,0.24
"253",0.22,0.23,0.21,0.23,223100,0.23
"254",0.22,0.26,0.22,0.24,423700,0.24
"255",0.24,0.3,0.23,0.27,1165500,0.27
"256",0.26,0.28,0.24,0.26,302900,0.26
"257",0.25,0.28,0.25,0.28,182800,0.28
"258",0.25,0.28,0.25,0.27,211000,0.27
"259",0.25,0.3,0.25,0.27,508900,0.27
"260",0.28,0.28,0.26,0.27,121000,0.27
"261",0.27,0.27,0.26,0.27,259200,0.27
"262",0.26,0.32,0.26,0.29,451600,0.29
"263",0.28,0.31,0.27,0.31,356500,0.31
"264",0.31,0.34,0.28,0.3,906000,0.3
"265",0.29,0.3,0.28,0.28,278000,0.28
"266",0.27,0.3,0.27,0.29,128400,0.29
"267",0.29,0.3,0.27,0.28,106600,0.28
"268",0.28,0.29,0.28,0.29,51600,0.29
"269",0.3,0.31,0.28,0.28,126000,0.28
"270",0.27,0.3,0.27,0.28,146100,0.28
"271",0.28,0.3,0.27,0.29,414300,0.29
"272",0.29,0.29,0.28,0.29,199100,0.29
"273",0.29,0.31,0.28,0.31,470200,0.31
"274",0.3,0.31,0.29,0.31,206500,0.31
"275",0.29,0.32,0.29,0.3,124900,0.3
"276",0.3,0.31,0.29,0.3,68600,0.3
"277",0.29,0.3,0.28,0.29,50300,0.29
"278",0.29,0.29,0.28,0.28,98900,0.28
"279",0.28,0.29,0.27,0.27,136000,0.27
"280",0.29,0.29,0.27,0.28,64900,0.28
"281",0.29,0.29,0.27,0.28,91400,0.28
"282",0.26,0.28,0.25,0.28,235700,0.28
"283",0.28,0.28,0.25,0.27,171800,0.27
"284",0.26,0.27,0.25,0.27,71300,0.27
"285",0.26,0.27,0.25,0.27,99700,0.27
"286",0.27,0.27,0.26,0.27,51600,0.27
"287",0.25,0.29,0.25,0.29,883500,0.29
"288",0.29,0.34,0.27,0.3,2163700,0.3
"289",0.29,0.3,0.27,0.29,356400,0.29
"290",0.29,0.3,0.27,0.28,192100,0.28
"291",0.29,0.29,0.27,0.29,126700,0.29
"292",0.3,0.3,0.28,0.29,111400,0.29
"293",0.3,0.31,0.29,0.3,495100,0.3
"294",0.29,0.42,0.29,0.35,10151900,0.35
"295",0.4,0.4,0.33,0.34,2559700,0.34
"296",0.33,0.33,0.31,0.32,839100,0.32
"297",0.3,0.32,0.28,0.3,833500,0.3
"298",0.3,0.31,0.3,0.31,222900,0.31
"299",0.32,0.34,0.32,0.33,448000,0.33
"300",0.33,0.34,0.32,0.32,142300,0.32
"301",0.32,0.34,0.29,0.32,175100,0.32
"302",0.33,0.34,0.31,0.33,234400,0.33
"303",0.32,0.33,0.31,0.31,166700,0.31
"304",0.31,0.33,0.3,0.32,803700,0.32
"305",0.35,0.35,0.32,0.33,311400,0.33
"306",0.35,0.35,0.32,0.33,237800,0.33
"307",0.34,0.34,0.31,0.32,187500,0.32
"308",0.33,0.35,0.31,0.32,135600,0.32
"309",0.33,0.33,0.3,0.31,130800,0.31
"310",0.31,0.34,0.31,0.33,548700,0.33
"311",0.33,0.36,0.33,0.35,1099500,0.35
"312",0.35,0.35,0.32,0.33,302800,0.33
"313",0.35,0.35,0.32,0.35,190800,0.35
"314",0.34,0.34,0.33,0.34,246900,0.34
"315",0.35,0.35,0.33,0.33,331700,0.33
"316",0.33,0.58,0.33,0.51,17182500,0.51
"317",0.47,0.48,0.37,0.41,5831900,0.41
"318",0.37,0.42,0.37,0.39,1378500,0.39
"319",0.4,0.4,0.37,0.38,441300,0.38
"320",0.37,0.43,0.37,0.41,1475400,0.41
"321",0.41,0.42,0.39,0.4,833000,0.4
"322",0.39,0.41,0.37,0.39,463100,0.39
"323",0.38,0.4,0.36,0.38,600700,0.38
"324",0.37,0.4,0.35,0.36,685500,0.36
"325",0.36,0.38,0.35,0.36,329300,0.36
"326",0.36,0.41,0.35,0.35,2117900,0.35
"327",0.37,0.37,0.35,0.35,313700,0.35
"328",0.35,0.37,0.34,0.35,384500,0.35
"329",0.37,0.37,0.35,0.36,456900,0.36
"330",0.36,0.37,0.35,0.35,156900,0.35
"331",0.35,0.36,0.34,0.35,205900,0.35
"332",0.36,0.36,0.34,0.35,223500,0.35
"333",0.35,0.36,0.32,0.33,350300,0.33
"334",0.34,0.36,0.31,0.33,448600,0.33
"335",0.32,0.33,0.32,0.33,182400,0.33
"336",0.32,0.35,0.32,0.33,715200,0.33
"337",0.31,0.35,0.31,0.35,245600,0.35
"338",0.34,0.35,0.32,0.33,120900,0.33
"339",0.32,0.33,0.3,0.33,369200,0.33
"340",0.34,0.36,0.32,0.34,1004900,0.34
"341",0.36,0.36,0.32,0.33,259500,0.33
"342",0.32,0.33,0.31,0.32,260700,0.32
"343",0.31,0.34,0.31,0.34,252000,0.34
"344",0.33,0.34,0.31,0.33,290200,0.33
"345",0.33,0.33,0.3,0.31,210300,0.31
"346",0.3,0.31,0.29,0.3,317600,0.3
"347",0.31,0.31,0.28,0.29,199600,0.29
"348",0.28,0.31,0.28,0.3,192300,0.3
"349",0.3,0.3,0.28,0.29,124300,0.29
"350",0.29,0.3,0.28,0.29,130300,0.29
"351",0.28,0.32,0.28,0.29,577100,0.29
"352",0.28,0.29,0.27,0.28,163200,0.28
"353",0.27,0.27,0.25,0.26,191300,0.26
"354",0.26,0.26,0.24,0.24,307300,0.24
"355",0.25,0.25,0.23,0.24,122600,0.24
"356",0.25,0.26,0.24,0.25,166300,0.25
"357",0.26,0.29,0.25,0.27,274100,0.27
"358",0.27,0.29,0.27,0.27,121800,0.27
"359",0.28,0.28,0.24,0.26,170500,0.26
"360",0.27,0.32,0.24,0.29,1001300,0.29
"361",0.26,0.3,0.26,0.28,180100,0.28
"362",0.28,0.31,0.25,0.29,452200,0.29
"363",0.28,0.28,0.27,0.28,76200,0.28
"364",0.28,0.28,0.28,0.28,26700,0.28
"365",0.29,0.31,0.28,0.28,310000,0.28
"366",0.29,0.29,0.27,0.27,87100,0.27
"367",0.27,0.35,0.27,0.31,2610900,0.31
"368",0.31,0.31,0.28,0.29,357000,0.29
"369",0.3,0.31,0.28,0.29,363700,0.29
"370",0.3,0.3,0.27,0.29,347300,0.29
"371",0.3,0.31,0.28,0.29,219800,0.29
"372",0.29,0.31,0.28,0.29,71500,0.29
"373",0.31,0.31,0.28,0.29,129500,0.29
"374",0.29,0.33,0.28,0.32,424100,0.32
"375",0.32,0.33,0.3,0.32,293500,0.32
"376",0.35,0.35,0.29,0.3,514100,0.3
"377",0.31,0.31,0.29,0.3,217100,0.3
"378",0.31,0.33,0.3,0.3,248400,0.3
"379",0.31,0.31,0.29,0.31,205500,0.31
"380",0.32,0.32,0.3,0.31,83400,0.31
"381",0.31,0.32,0.3,0.31,297500,0.31
"382",0.32,0.32,0.3,0.3,276300,0.3
"383",0.29,0.31,0.29,0.3,263000,0.3
"384",0.31,0.31,0.29,0.29,110600,0.29
"385",0.3,0.31,0.29,0.3,646200,0.3
"386",0.3,0.3,0.28,0.29,243700,0.29
"387",0.28,0.29,0.28,0.28,100600,0.28
"388",0.28,0.29,0.28,0.28,171000,0.28
"389",0.29,0.29,0.28,0.28,63000,0.28
"390",0.28,0.28,0.27,0.27,94300,0.27
"391",0.27,0.3,0.27,0.29,397700,0.29
"392",0.3,0.3,0.28,0.29,104900,0.29
"393",0.29,0.31,0.28,0.3,393000,0.3
"394",0.31,0.31,0.29,0.3,93700,0.3
"395",0.3,0.32,0.29,0.3,527900,0.3
"396",0.29,0.3,0.28,0.29,143600,0.29
"397",0.29,0.3,0.28,0.29,113300,0.29
"398",0.29,0.3,0.28,0.28,169500,0.28
"399",0.29,0.29,0.28,0.29,82000,0.29
"400",0.28,0.29,0.23,0.27,723500,0.27
"401",0.27,0.27,0.26,0.27,146600,0.27
"402",0.26,0.27,0.25,0.26,92000,0.26
"403",0.26,0.27,0.26,0.27,82600,0.27
"404",0.28,0.28,0.25,0.27,128900,0.27
"405",0.28,0.28,0.25,0.26,94800,0.26
"406",0.26,0.27,0.25,0.26,60200,0.26
"407",0.26,0.27,0.25,0.26,64100,0.26
"408",0.26,0.26,0.25,0.26,108300,0.26
"409",0.26,0.26,0.24,0.26,88200,0.26
"410",0.26,0.26,0.24,0.26,110100,0.26
"411",0.25,0.26,0.24,0.26,41800,0.26
"412",0.26,0.26,0.25,0.26,85500,0.26
"413",0.26,0.26,0.25,0.26,70800,0.26
"414",0.24,0.28,0.24,0.27,254200,0.27
"415",0.28,0.28,0.24,0.26,546300,0.26
"416",0.27,0.27,0.25,0.26,80900,0.26
"417",0.25,0.26,0.25,0.25,101000,0.25
"418",0.26,0.27,0.26,0.27,130200,0.27
"419",0.26,0.27,0.26,0.26,30300,0.26
"420",0.26,0.28,0.26,0.26,186300,0.26
"421",0.26,0.27,0.25,0.26,97800,0.26
"422",0.27,0.27,0.25,0.26,60000,0.26
"423",0.25,0.26,0.25,0.26,39500,0.26
"424",0.25,0.26,0.25,0.26,52800,0.26
"425",0.26,0.27,0.25,0.26,285700,0.26
"426",0.29,0.29,0.26,0.27,338700,0.27
"427",0.29,0.29,0.27,0.27,70600,0.27
"428",0.27,0.28,0.27,0.27,78700,0.27
"429",0.27,0.28,0.26,0.26,98400,0.26
"430",0.26,0.28,0.26,0.27,78100,0.27
"431",0.28,0.28,0.26,0.27,40600,0.27
"432",0.29,0.29,0.26,0.26,85300,0.26
"433",0.27,0.27,0.26,0.26,92300,0.26
"434",0.27,0.27,0.26,0.26,70100,0.26
"435",0.27,0.27,0.25,0.26,66700,0.26
"436",0.25,0.27,0.25,0.26,67500,0.26
"437",0.26,0.26,0.26,0.26,20700,0.26
"438",0.26,0.26,0.25,0.25,88400,0.25
"439",0.25,0.26,0.24,0.25,204700,0.25
"440",0.24,0.25,0.24,0.25,22300,0.25
"441",0.25,0.25,0.23,0.24,58300,0.24
"442",0.25,0.25,0.24,0.25,26800,0.25
"443",0.25,0.25,0.24,0.25,23700,0.25
"444",0.25,0.26,0.25,0.25,29800,0.25
"445",0.25,0.26,0.25,0.25,20700,0.25
"446",0.26,0.26,0.24,0.25,33900,0.25
"447",0.25,0.26,0.24,0.26,81300,0.26
"448",0.26,0.27,0.24,0.26,258000,0.26
"449",0.26,0.26,0.24,0.25,410900,0.25
"450",0.25,0.28,0.25,0.27,944000,0.27
"451",0.27,0.27,0.25,0.26,268400,0.26
"452",0.26,0.27,0.25,0.25,179200,0.25
"453",0.25,0.28,0.25,0.26,71000,0.26
"454",0.26,0.26,0.25,0.26,31800,0.26
"455",0.26,0.26,0.25,0.25,128400,0.25
"456",0.25,0.26,0.25,0.26,70600,0.26
"457",0.25,0.26,0.25,0.26,43100,0.26
"458",0.26,0.27,0.25,0.27,67900,0.27
"459",0.27,0.27,0.25,0.27,67500,0.27
"460",0.25,0.27,0.25,0.25,129500,0.25
"461",0.26,0.26,0.25,0.26,59000,0.26
"462",0.26,0.26,0.25,0.26,36500,0.26
"463",0.26,0.26,0.26,0.26,37800,0.26
"464",0.27,0.27,0.26,0.26,36600,0.26
"465",0.26,0.26,0.25,0.26,77500,0.26
"466",0.26,0.26,0.25,0.26,18200,0.26
"467",0.25,0.26,0.25,0.25,41200,0.25
"468",0.25,0.26,0.25,0.25,26700,0.25
"469",0.25,0.26,0.25,0.26,43600,0.26
"470",0.26,0.26,0.25,0.26,31300,0.26
"471",0.26,0.26,0.25,0.25,44600,0.25
"472",0.25,0.25,0.25,0.25,152700,0.25
"473",0.25,0.25,0.24,0.24,68900,0.24
"474",0.24,0.25,0.24,0.24,66100,0.24
"475",0.24,0.25,0.24,0.24,39900,0.24
"476",0.24,0.24,0.21,0.22,451100,0.22
"477",0.23,0.24,0.22,0.23,34100,0.23
"478",0.23,0.23,0.22,0.23,41500,0.23
"479",0.22,0.24,0.22,0.23,44000,0.23
"480",0.23,0.26,0.22,0.23,380900,0.23
"481",0.24,0.24,0.23,0.24,100600,0.24
"482",0.24,0.24,0.23,0.23,44000,0.23
"483",0.23,0.24,0.22,0.24,80600,0.24
"484",0.24,0.24,0.22,0.24,74000,0.24
"485",0.23,0.24,0.23,0.23,58400,0.23
"486",0.23,0.25,0.23,0.24,58200,0.24
"487",0.24,0.24,0.23,0.24,39700,0.24
"488",0.24,0.24,0.23,0.23,109500,0.23
"489",0.24,0.24,0.23,0.23,76300,0.23
"490",0.24,0.24,0.23,0.23,87700,0.23
"491",0.23,0.24,0.23,0.24,131200,0.24
"492",0.25,0.3,0.24,0.24,1369700,0.24
"493",0.25,0.26,0.25,0.25,95100,0.25
"494",0.25,0.25,0.24,0.25,66700,0.25
"495",0.25,0.25,0.24,0.25,87700,0.25
"496",0.25,0.26,0.23,0.24,91100,0.24
"497",0.24,0.25,0.24,0.25,56300,0.25
"498",0.24,0.25,0.24,0.24,29800,0.24
"499",0.25,0.25,0.24,0.25,23200,0.25
"500",0.24,0.25,0.23,0.23,111200,0.23
"501",0.24,0.24,0.23,0.24,73200,0.24
"502",0.25,0.25,0.23,0.23,66400,0.23
"503",0.23,0.24,0.23,0.24,128100,0.24
"504",0.24,0.25,0.24,0.25,181900,0.25
"505",0.24,0.3,0.24,0.27,1845900,0.27
"506",0.27,0.33,0.25,0.33,1731800,0.33
"507",0.31,0.31,0.26,0.28,907400,0.28
"508",0.27,0.32,0.27,0.31,1239000,0.31
"509",0.31,0.31,0.28,0.3,492000,0.3
"510",0.3,0.35,0.29,0.33,2770700,0.33
"511",0.38,0.38,0.31,0.35,1871100,0.35
"512",0.35,0.35,0.3,0.32,1155300,0.32
"513",0.31,0.33,0.29,0.3,921800,0.3
"514",0.31,0.31,0.29,0.29,490000,0.29
"515",0.29,0.3,0.28,0.29,280700,0.29
"516",0.33,0.44,0.3,0.41,7257900,0.41
"517",0.4,0.44,0.31,0.42,5805600,0.42
"518",0.37,0.42,0.35,0.38,1815700,0.38
"519",0.35,0.38,0.33,0.35,1195500,0.35
"520",0.4,0.47,0.36,0.41,5632300,0.41
"521",0.42,0.55,0.42,0.45,9225800,0.45
"522",0.48,0.49,0.39,0.43,3630000,0.43
"523",0.44,0.44,0.38,0.42,1897500,0.42
"524",0.42,0.47,0.4,0.47,3501600,0.47
"525",0.75,0.96,0.68,0.92,35538600,0.92
"526",0.81,0.82,0.52,0.63,9880100,0.63
"527",0.56,0.72,0.48,0.59,4826800,0.59
"528",0.58,0.6,0.51,0.52,1913100,0.52
"529",0.53,0.69,0.51,0.66,8460000,0.66
"530",0.65,0.65,0.55,0.57,3269400,0.57
"531",0.57,0.57,0.52,0.52,1750000,0.52
"532",0.52,0.55,0.43,0.46,3210100,0.46
"533",0.51,0.52,0.47,0.5,1542200,0.5
"534",0.5,0.5,0.45,0.45,1296600,0.45
"535",0.46,0.47,0.4,0.42,1680800,0.42
"536",0.45,0.45,0.4,0.43,1069000,0.43
"537",0.41,0.45,0.39,0.43,1609100,0.43
"538",0.43,0.49,0.4,0.47,2115100,0.47
"539",0.48,0.6,0.48,0.5,5577400,0.5
"540",0.49,0.53,0.43,0.53,3793000,0.53
"541",0.51,0.56,0.46,0.56,5157300,0.56
"542",0.62,0.75,0.56,0.63,10761700,0.63
"543",0.74,0.79,0.55,0.57,7590600,0.57
"544",1,1.4,0.91,1.14,36834000,1.14
"545",0.95,0.99,0.75,0.88,9680800,0.88
"546",0.85,0.85,0.77,0.81,3686400,0.81
"547",0.92,1.07,0.85,0.9,7063100,0.9
"548",0.92,0.95,0.81,0.85,3307500,0.85
"549",0.84,0.84,0.65,0.69,2691500,0.69
"550",0.7,0.72,0.58,0.58,1901500,0.58
"551",0.6,0.76,0.58,0.74,4491000,0.74
"552",0.7,0.7,0.6,0.62,1196300,0.62
"553",0.6,0.71,0.55,0.56,1469200,0.56
"554",0.57,0.57,0.51,0.53,646200,0.53
"555",0.56,0.66,0.55,0.58,1998800,0.58
"556",0.57,0.57,0.51,0.54,1126900,0.54
"557",0.55,0.63,0.51,0.62,1715400,0.62
"558",0.62,0.68,0.57,0.57,1347600,0.57
"559",0.58,0.75,0.57,0.66,2687300,0.66
"560",0.72,0.72,0.6,0.64,1126300,0.64
"561",0.62,0.64,0.6,0.61,729700,0.61
"562",0.6,0.62,0.58,0.61,732800,0.61
"563",0.58,0.64,0.58,0.63,762600,0.63
"564",0.66,0.68,0.62,0.67,1097400,0.67
"565",0.41,0.55,0.35,0.5,2348900,0.5
"566",0.49,0.49,0.43,0.45,1141300,0.45
"567",0.43,0.45,0.4,0.4,383200,0.4
"568",0.4,0.43,0.4,0.41,503300,0.41
"569",0.38,0.42,0.36,0.39,648800,0.39
"570",0.41,0.45,0.39,0.42,2479900,0.42
"571",0.42,0.45,0.39,0.41,1119100,0.41
"572",0.4,0.43,0.39,0.41,659600,0.41
"573",0.41,0.42,0.39,0.41,382400,0.41
"574",0.41,0.48,0.4,0.45,1880300,0.45
"575",0.79,0.8,0.5,0.56,14220900,0.56
"576",0.52,0.54,0.45,0.49,1735900,0.49
"577",0.48,0.51,0.47,0.49,698200,0.49
"578",0.49,0.49,0.46,0.48,702200,0.48
"579",0.47,0.48,0.43,0.44,881100,0.44
"580",0.46,0.47,0.43,0.45,338000,0.45
"581",0.46,0.48,0.45,0.47,863400,0.47
"582",0.46,0.47,0.45,0.46,305900,0.46
"583",0.46,0.5,0.45,0.47,1179000,0.47
"584",0.49,0.5,0.47,0.49,373200,0.49
"585",0.5,0.5,0.47,0.48,283300,0.48
"586",0.48,0.55,0.46,0.48,1397900,0.48
"587",0.46,0.48,0.46,0.47,441000,0.47
"588",0.46,0.48,0.46,0.47,326100,0.47
"589",0.46,0.48,0.45,0.45,419500,0.45
"590",0.45,0.49,0.45,0.47,733400,0.47
"591",0.5,0.5,0.47,0.47,815000,0.47
"592",0.48,0.5,0.46,0.49,519400,0.49
"593",0.5,0.52,0.47,0.48,699500,0.48
"594",0.49,0.49,0.46,0.47,440500,0.47
"595",0.47,0.49,0.43,0.46,611600,0.46
"596",0.45,0.49,0.41,0.48,1766600,0.48
"597",0.42,0.46,0.42,0.45,716100,0.45
"598",0.42,0.45,0.42,0.44,525600,0.44
"599",0.44,0.46,0.43,0.45,379300,0.45
"600",0.46,0.52,0.43,0.48,3694800,0.48
"601",0.46,0.47,0.44,0.45,488800,0.45
"602",0.44,0.5,0.43,0.46,4270400,0.46
"603",0.49,0.49,0.45,0.46,1004700,0.46
"604",0.45,0.46,0.44,0.44,874200,0.44
"605",0.45,0.52,0.44,0.47,4607700,0.47
"606",0.45,0.46,0.44,0.45,1312700,0.45
"607",0.44,0.45,0.43,0.45,489200,0.45
"608",0.44,0.45,0.44,0.45,499400,0.45
"609",0.44,0.45,0.44,0.44,664300,0.44
"610",0.44,0.44,0.43,0.44,688400,0.44
"611",0.43,0.44,0.42,0.43,843000,0.43
"612",0.44,0.48,0.42,0.45,3691500,0.45
"613",0.44,0.61,0.44,0.54,8669100,0.54
"614",0.52,0.59,0.51,0.52,2566400,0.52
"615",0.5,0.58,0.46,0.5,5296700,0.5
"616",0.53,0.55,0.47,0.51,2578200,0.51
"617",0.52,0.68,0.51,0.65,7783100,0.65
"618",0.6,0.64,0.55,0.58,4942300,0.58
"619",0.59,0.6,0.54,0.57,1173600,0.57
"620",0.57,0.7,0.54,0.65,6988900,0.65
"621",0.64,0.65,0.56,0.6,2446200,0.6
"622",0.59,0.65,0.58,0.63,1976800,0.63
"623",0.63,0.65,0.59,0.63,2890100,0.63
"624",0.63,0.63,0.59,0.62,1250900,0.62
"625",0.61,0.77,0.58,0.71,7556800,0.71
"626",0.68,0.7,0.62,0.65,1593300,0.65
"627",0.69,0.74,0.64,0.69,4322300,0.69
"628",0.64,0.74,0.63,0.67,2829100,0.67
"629",0.64,0.65,0.61,0.62,1201000,0.62
"630",0.62,0.65,0.59,0.6,983500,0.6
"631",0.6,0.63,0.58,0.58,889700,0.58
"632",0.57,0.6,0.55,0.58,1051200,0.58
"633",0.56,0.58,0.55,0.57,673000,0.57
"634",0.56,0.6,0.56,0.58,554300,0.58
"635",0.58,0.58,0.52,0.54,990700,0.54
"636",0.53,0.55,0.5,0.51,699800,0.51
"637",0.5,0.51,0.49,0.49,539900,0.49
"638",0.49,0.59,0.48,0.55,2635600,0.55
"639",0.58,0.58,0.53,0.56,779100,0.56
"640",0.56,0.59,0.55,0.58,709500,0.58
"641",0.57,0.58,0.53,0.56,869000,0.56
"642",0.56,0.57,0.55,0.57,385700,0.57
"643",0.58,0.61,0.56,0.58,1384200,0.58
"644",0.58,0.6,0.54,0.55,413100,0.55
"645",0.55,0.55,0.49,0.53,487900,0.53
"646",0.51,0.59,0.51,0.55,1222200,0.55
"647",0.53,0.54,0.51,0.52,449100,0.52
"648",0.52,0.52,0.51,0.51,271200,0.51
"649",0.5,0.51,0.5,0.51,404400,0.51
"650",0.5,0.51,0.47,0.48,387200,0.48
"651",0.48,0.55,0.47,0.5,1441000,0.5
"652",0.49,0.5,0.48,0.49,398300,0.49
"653",0.49,0.5,0.49,0.5,434900,0.5
"654",0.5,0.53,0.49,0.52,1519500,0.52
"655",0.5,0.51,0.49,0.5,382700,0.5
"656",0.5,0.51,0.49,0.5,420000,0.5
"657",0.5,0.6,0.49,0.54,5254000,0.54
"658",0.52,0.53,0.49,0.51,934600,0.51
"659",0.49,0.51,0.49,0.5,1107600,0.5
"660",0.51,0.54,0.49,0.5,3089800,0.5
"661",0.5,0.51,0.48,0.48,751600,0.48
"662",0.48,0.49,0.45,0.47,539200,0.47
"663",0.45,0.47,0.45,0.47,340700,0.47
"664",0.47,0.47,0.45,0.45,322600,0.45
"665",0.46,0.46,0.42,0.43,451600,0.43
"666",0.43,0.43,0.4,0.42,392300,0.42
"667",0.41,0.42,0.4,0.41,209500,0.41
"668",0.41,0.42,0.4,0.4,185300,0.4
"669",0.41,0.43,0.37,0.41,334300,0.41
"670",0.41,0.42,0.4,0.4,153400,0.4
"671",0.4,0.4,0.38,0.39,255300,0.39
"672",0.39,0.39,0.36,0.36,406700,0.36
"673",0.35,0.36,0.32,0.33,679900,0.33
"674",0.32,0.39,0.32,0.36,819800,0.36
"675",0.39,0.39,0.34,0.36,453000,0.36
"676",0.36,0.37,0.35,0.36,135800,0.36
"677",0.37,0.37,0.36,0.36,118800,0.36
"678",0.36,0.37,0.34,0.34,279100,0.34
"679",0.35,0.36,0.34,0.35,116100,0.35
"680",0.38,0.38,0.35,0.36,180300,0.36
"681",0.39,0.39,0.36,0.36,218000,0.36
"682",0.38,0.38,0.37,0.37,221500,0.37
"683",0.38,0.38,0.35,0.37,268100,0.37
"684",0.37,0.38,0.35,0.37,186100,0.37
"685",0.38,0.4,0.36,0.37,490500,0.37
"686",0.38,0.38,0.36,0.37,137100,0.37
"687",0.37,0.38,0.37,0.37,79100,0.37
"688",0.37,0.37,0.35,0.37,165000,0.37
"689",0.36,0.38,0.35,0.38,219500,0.38
"690",0.37,0.39,0.37,0.38,301900,0.38
"691",0.38,0.41,0.36,0.37,1209400,0.37
"692",0.36,0.38,0.36,0.36,142500,0.36
"693",0.36,0.37,0.36,0.36,101200,0.36
"694",0.37,0.38,0.36,0.37,273800,0.37
"695",0.35,0.38,0.35,0.38,95200,0.38
"696",0.36,0.38,0.36,0.38,79500,0.38
"697",0.38,0.38,0.36,0.37,108100,0.37
"698",0.36,0.4,0.36,0.38,298100,0.38
"699",0.37,0.39,0.37,0.39,84000,0.39
"700",0.39,0.41,0.39,0.41,373700,0.41
"701",0.41,0.43,0.41,0.42,242700,0.42
"702",0.42,0.44,0.41,0.42,251900,0.42
"703",0.43,0.43,0.41,0.42,160500,0.42
"704",0.42,0.43,0.4,0.4,108000,0.4
"705",0.42,0.44,0.38,0.41,830600,0.41
"706",0.42,0.48,0.41,0.46,2750200,0.46
"707",0.55,0.56,0.47,0.5,3741900,0.5
"708",0.49,0.49,0.43,0.45,1256500,0.45
"709",0.48,0.48,0.44,0.46,446200,0.46
"710",0.44,0.47,0.42,0.44,386300,0.44
