"","TSLA.Open","TSLA.High","TSLA.Low","TSLA.Close","TSLA.Volume","TSLA.Adjusted"
"1",62.400002,64.421997,62.200001,64.106003,21761000,64.106003
"2",64.199997,65.050003,63.110001,63.450001,22607500,63.450001
"3",62.574001,63.709999,61.136002,62.924,49731500,62.924
"4",63.324001,63.448002,62.400002,63.316002,22956000,63.316002
"5",63.200001,67.403999,63.099998,67.281998,49297000,67.281998
"6",67.031998,67.760002,65.480003,66.737999,35733000,66.737999
"7",66.440002,67.400002,66,66.959999,21549500,66.959999
"8",67.047997,68.961998,66.652,67.589996,33227500,67.589996
"9",67.725998,68.082001,66.734001,67.244003,24125500,67.244003
"10",67.508003,69,66.959999,68.012001,32371500,68.012001
"11",68.094002,69.800003,67.949997,69.431999,35517500,69.431999
"12",69.134003,70.459999,68.748001,68.914001,28429000,68.914001
"13",69,70.117996,68.519997,70.003998,24441500,70.003998
"14",69.879997,71.566002,69.839996,70.311996,31052000,70.311996
"15",72,72.099998,70.199997,70.557999,27327000,70.557999
"16",70.916,70.949997,68.704002,69.178001,26437500,69.178001
"17",69.653999,69.839996,67.279999,67.528,33701500,67.528
"18",68.300003,68.800003,67.141998,68.57,22697000,68.57
"19",67.970001,70.169998,67.655998,69.905998,23735500,69.905998
"20",69.028,69.653999,68.433998,69.164001,23588500,69.164001
"21",69.501999,71.237999,69.038002,70.862,31070500,70.862
"22",70.199997,71.931999,69.725998,69.849998,20988500,69.849998
"23",69.688004,70.389999,68.101997,68.75,18524000,68.75
"24",67.594002,68.893997,66.599998,66.625999,22320500,66.625999
"25",65.042,67.244003,64.699997,66.793999,25442000,66.793999
"26",67.797997,69.199997,67.132004,69,34846000,69
"27",68.662003,69.723999,62.919998,63.046001,51573000,63.046001
"28",63.986,64.195999,58.952,62.084,64668500,62.084
"29",63.226002,63.616001,61.25,63.146,31139000,63.146
"30",63.004002,64.837997,62.501999,64.732002,22801000,64.732002
"31",64.167999,65.234001,63.703999,64.461998,19753500,64.461998
"32",64.900002,66.823997,64.480003,66.814003,29564500,66.814003
"33",66.5,68.624001,66.328003,67.098,28213000,67.098
"34",66.893997,68.167999,66.300003,66.954002,20047000,66.954002
"35",67.206001,67.938004,66.634003,66.660004,16098000,66.660004
"36",67.106003,69.487999,66.949997,69.234001,34849000,69.234001
"37",69.566002,70.998001,69.419998,70.410004,29087000,70.410004
"38",70.699997,71.800003,70.472,71.484001,21700000,71.484001
"39",71.25,71.998001,70.001999,70.197998,23987000,70.197998
"40",70.514,71.047997,68.444,68.612,30348500,68.612
"41",69.001999,69.734001,66.014,66.185997,34428000,66.185997
"42",65.396004,67.043999,64.594002,67.024002,25464000,67.024002
"43",66.477997,67.550003,65.858002,66.669998,19119000,66.669998
"44",66.75,67.274002,65.405998,65.639999,21428500,65.639999
"45",65.087997,66.5,64.348,66.459999,25036500,66.459999
"46",66.571999,66.660004,65.253998,65.82,17831000,65.82
"47",64.82,65.697998,64.473999,65.433998,27534000,65.433998
"48",65.722,69.442001,65.300003,69.101997,41320000,69.101997
"49",65.722,69.442001,65.300003,68.367996,29829000,68.367996
"50",67.351997,67.961998,64.786003,65.325996,39837000,65.325996
"51",65.875999,66.57,64.220001,65.120003,32824000,65.120003
"52",64.585999,65.480003,63.813999,64.269997,30586500,64.269997
"53",63.299999,64.150002,61.933998,62.712002,37421500,62.712002
"54",62.973999,63.25,61.751999,62.110001,23821500,62.110001
"55",62.049999,64.487999,62.037998,63.306,29792000,63.306
"56",62.778,63.764,61.636002,61.82,24699000,61.82
"57",62.25,62.25,60.09,60.307999,33274500,60.307999
"58",61.467999,61.518002,58.271999,60.835999,41876000,60.835999
"59",60.799999,60.854,55.436001,55.835999,69360000,55.835999
"60",52.916,53.736,50.419998,51.556,105007000,51.556
"61",51.298,54.192001,49.641998,53.226002,75853500,53.226002
"62",51.251999,52.066002,48.917999,50.495998,80570000,50.495998
"63",53.964001,54.669998,50.897999,53.506001,94222000,53.506001
"64",50.556,57.674,50.400002,57.388,99483500,57.388
"65",57.868,61.251999,57.639999,61.144001,95605500,61.144001
"66",60.200001,61.855999,59.099998,59.860001,67601500,59.860001
"67",60.074001,61.900002,57.841999,57.931999,51249000,57.931999
"68",59.793999,61.419998,58.736,60.939999,54949000,60.939999
"69",60.147999,61.796001,59.931999,60.186001,37414500,60.186001
"70",60.464001,60.790001,58.736,58.816002,38044000,58.816002
"71",60.720001,60.790001,59.195999,60.068001,36636000,60.068001
"72",59.799999,59.931999,57.801998,58.242001,31692500,58.242001
"73",57.773998,58.433998,56.501999,57.537998,3.5e+07,57.537998
"74",58.216,60.048,57.632,58.669998,32788500,58.669998
"75",58.216,60.202,57.709999,60.015999,30453000,60.015999
"76",59.034,59.995998,57.950001,58.048,28139500,58.048
"77",58.257999,58.324001,56.466,56.674,24467000,56.674
"78",57,57.417999,55.692001,56.692001,28426500,56.692001
"79",56.700001,57.032001,55.450001,56.138,20068000,56.138
"80",55.75,57.158001,55.299999,57.096001,21780000,57.096001
"81",57.074001,58.894001,56.765999,58.816002,21823000,58.816002
"82",58.722,59.745998,58.5,58.779999,21141000,58.779999
"83",58.702,60.164001,58.644001,59.984001,23128000,59.984001
"84",59.714001,61.369999,59.556,60.23,44852000,60.23
"85",55.757999,57.608002,55.046001,56.889999,86760500,56.889999
"86",56.599998,59.372002,55.903999,58.818001,42847000,58.818001
"87",59.5,61.192001,59.034,60.554001,43391000,60.554001
"88",60.16,61.549999,59.799999,60.394001,29650000,60.394001
"89",60.082001,61.402,60.009998,61.369999,28637000,61.369999
"90",61.5,62.598,60.821999,61.004002,28258000,61.004002
"91",61.540001,61.776001,59.816002,60.212002,23398000,60.212002
"92",60.664001,60.987999,58.324001,58.394001,36434000,58.394001
"93",57.001999,57.391998,56.099998,56.835999,47596000,56.835999
"94",56.765999,57.762001,56.312,57.296001,28370000,57.296001
"95",57.18,57.838001,56.793999,56.908001,22103000,56.908001
"96",56.93,56.93,54.799999,55.363998,36259500,55.363998
"97",56.265999,58.298,56.259998,56.897999,45913000,56.897999
"98",57.551998,57.599998,54.683998,55.001999,44729000,55.001999
"99",55.551998,55.981998,54.799999,55.813999,29925500,55.813999
"100",55.68,56.222,54.978001,55.57,20883500,55.57
"101",55.526001,55.928001,55.122002,55.77,19375500,55.77
"102",55.702,57.299999,55.23,56.751999,28333000,56.751999
"103",56.658001,59.001999,56.32,58.344002,37448500,58.344002
"104",57.442001,58.074001,56.585999,56.945999,29598500,56.945999
"105",57.172001,58.389999,56.768002,58.363998,27122000,58.363998
"106",58.868,59.799999,58.709999,59.348,23989000,59.348
"107",59.540001,59.560001,57.348,58.226002,29976000,58.226002
"108",60.099998,64.433998,59.495998,63.900002,93836500,63.900002
"109",63.23,66,62.716,63.217999,71726500,63.217999
"110",63.799999,64.896004,63.43,63.532001,41026000,63.532001
"111",64.501999,66.931999,64.5,66.419998,65917500,66.419998
"112",68.940002,70.994003,67.599998,68.554001,111737000,68.554001
"113",69.342003,69.440002,67.959999,68.956001,47349000,68.956001
"114",69.526001,71.75,69.32,71.543999,54905000,71.543999
"115",70.767998,72.933998,70.25,71.634003,54241500,71.634003
"116",71.080002,74.746002,70.900002,74.166,60366000,74.166
"117",73.031998,74,69.25,70.510002,63809500,70.510002
"118",71.608002,72.875999,70.400002,72.444,41918500,72.444
"119",72.400002,73.241997,69.253998,69.501999,39835500,69.501999
"120",70.307999,70.449997,66.400002,66.725998,51330500,66.725998
"121",66.024002,67.694,65.5,66.601997,34656500,66.601997
"122",67.209999,68.709999,65.160004,68.400002,37262500,68.400002
"123",69,70.157997,67.900002,68.900002,41668500,68.900002
"124",69.732002,71.403999,69.222,69.986,41990000,69.986
"125",70.666,70.772003,68.482002,68.589996,32462000,68.589996
"126",72.014,72.956001,65.970001,67.014,93799000,67.014
"127",66.349998,66.498001,61.938,62.172001,61413000,62.172001
"128",62.751999,62.877998,59.243999,61.832001,87382000,61.832001
"129",60.990002,62.414001,60.400002,61.779999,44327500,61.779999
"130",62.397999,63.703999,61.599998,63.702,37984000,63.702
"131",64.912003,65.536003,63.84,64.494003,47357500,64.494003
"132",63.16,64.388,63.014,63.792,24420500,63.792
"133",64.286003,64.646004,62.554001,63.341999,28606000,63.341999
"134",63.116001,63.916,61.849998,63.773998,29349000,63.773998
"135",62.341999,63.032001,61.25,62.02,39093500,62.02
"136",61.762001,64.947998,61.700001,64.538002,34981000,64.538002
"137",65,65.099998,63.25,64.769997,28121000,64.769997
"138",63.265999,64.708,62.801998,64.045998,29576500,64.045998
"139",64.246002,64.648003,62.341999,62.716,25811000,62.716
"140",60.368,61.099998,58.571999,60.639999,54964500,60.639999
"141",60.883999,61.543999,58.509998,59.486,47954000,59.486
"142",59.348,61.924,58.900002,61.748001,35377000,61.748001
"143",60.970001,62.139999,60.728001,61.330002,23152500,61.330002
"144",61.450001,61.537998,59.068001,59.436001,28516500,59.436001
"145",59.18,59.220001,57.226002,58.034,34070500,58.034
"146",58.450001,59.664001,57.813999,59.627998,25384500,59.627998
"147",59.598,60.599998,58.599998,60.167999,50647000,60.167999
"148",65.688004,69.998001,64.632004,69.907997,116075000,69.907997
"149",69.561996,71,68.505997,69.634003,68282500,69.634003
"150",69.092003,70.996002,68.363998,68.398003,42821500,68.398003
"151",68.767998,77.491997,67.830002,75.914001,154379000,75.914001
"152",73.818001,76.528,73.424004,74.068001,122856000,74.068001
"153",73.110001,73.402,69.146004,70.489998,85919000,70.489998
"154",70.800003,72,69.199997,71.098,57760000,71.098
"155",72.225998,72.638,69.804001,71.281998,52319500,71.281998
"156",71.690002,71.839996,69.419998,69.528,34932000,69.528
"157",68.382004,68.898003,66.428001,67.737999,45506500,67.737999
"158",67.982002,68.456001,66.764,67.089996,30320000,67.089996
"159",64.699997,65.353996,60.706001,61.099998,94793000,61.099998
"160",58.34,61.700001,57.639999,61.688,87011500,61.688
"161",62.122002,64.958,61.799999,64.379997,65861000,64.379997
"162",64.174004,64.776001,62.933998,64.328003,29730000,64.328003
"163",63.827999,65.463997,63.619999,64.019997,25736500,64.019997
"164",64.139999,64.769997,63.880001,64.564003,18013000,64.564003
"165",63.599998,64.487999,61.762001,63.854,65396500,63.854
"166",63.681999,63.776001,62.237999,62.372002,38245500,62.372002
"167",62.054001,62.369999,60.737999,61.001999,37237000,61.001999
"168",60.452,60.919998,59.543999,60.630001,36083500,60.630001
"169",60.400002,61.062,59.720001,60.332001,26875500,60.332001
"170",59.388,59.638,57.599998,57.790001,41752500,57.790001
"171",57.009998,57.355999,55.436001,56.147999,38604000,56.147999
"172",56.959999,58.234001,55.776001,56.189999,37404000,56.189999
"173",52.02,53.669998,50.450001,52.647999,112459500,52.647999
"174",54.652,57.206001,54.200001,57.099998,71417500,57.099998
"175",55.894001,56.400002,54.709999,55.888,45850000,55.888
"176",56.287998,58.5,55.73,58.108002,50077000,58.108002
"177",57.604,59,57.035999,57.891998,31701500,57.891998
"178",57.751999,59.466,57.304001,59.040001,33828000,59.040001
"179",58.007999,60.174,57.625999,58.967999,34438000,58.967999
"180",59.338001,60.528,55.099998,56.992001,82737500,56.992001
"181",56.102001,60,56.099998,59.804001,41474500,59.804001
"182",60.712002,61.195999,58.666,59.666,36747000,59.666
"183",59.540001,60.116001,59.074001,59.82,25252500,59.82
"184",59.695999,60.599998,58.716,59.936001,24215000,59.936001
"185",60,60.919998,59.299999,60.198002,22408500,60.198002
"186",60.382,62.778,60.222,61.916,39216000,61.916
"187",62.580002,62.992001,61.382,61.504002,42545500,61.504002
"188",54.051998,55.599998,52.112,52.953999,168248500,52.953999
"189",61.153999,62.287998,60.209999,62.139999,108888000,62.139999
"190",62.790001,63.368,59.830002,60.203999,58717500,60.203999
"191",60.666,60.919998,58.313999,58.959999,39975000,58.959999
"192",58.790001,58.799999,55.534,56.366001,49071000,56.366001
"193",54.93,54.976002,52,52.389999,89722500,52.389999
"194",52.903999,53.551998,49.799999,50.112,67363500,50.112
"195",51.049999,53.354,50.66,52.560001,60303000,52.560001
"196",52.922001,53.102001,49.554001,51.375999,64076500,51.375999
"197",51.506001,52.450001,49.806,50.445999,40838500,50.445999
"198",52.200001,52.397999,50.402,51.756001,36007000,51.756001
"199",51.812,52.655998,50.908001,51.917999,3.1e+07,51.917999
"200",53.139999,55.476002,52.448002,55.318001,47632000,55.318001
"201",56.48,56.540001,53.16,54.355999,43277500,54.355999
"202",53.858002,54.200001,52.599998,52.782001,27106000,52.782001
"203",53.478001,53.931999,50.700001,52,46877500,52
"204",52.136002,52.372002,50.518002,52.189999,28001500,52.189999
"205",52.773998,59.585999,52.419998,58.827999,95139000,58.827999
"206",60.209999,60.888,57.146,57.700001,100291500,57.700001
"207",63.444,64.199997,60.202,62.972,104203500,62.972
"208",61.650002,67.980003,61.330002,66.18,137127500,66.18
"209",67.494003,69.431999,65.300003,66.970001,72430000,66.970001
"210",65.678001,67.580002,64.452003,65.980003,45633500,65.980003
"211",66.508003,68.400002,65.82,67.463997,38121500,67.463997
"212",67.652,69.568001,66.945999,68.856003,40000500,68.856003
"213",68.748001,69.839996,68.181999,69.281998,39040000,69.281998
"214",68.099998,68.792,66.028,68.279999,39155000,68.279999
"215",67.814003,69.760002,67.218002,68.211998,33814500,68.211998
"216",68.667999,70.236,68.160004,69.632004,36872500,69.632004
"217",69.699997,71.515999,69.688004,70.279999,35453500,70.279999
"218",69.800003,70.800003,69.045998,70.101997,25494000,70.101997
"219",69.674004,69.956001,66.068001,66.255997,34707500,66.255997
"220",66.632004,68.940002,66.440002,67.746002,27243000,67.746002
"221",68.540001,69.421997,67.43,68.800003,25201500,68.800003
"222",68.466003,69.716003,67.807999,69.688004,23128500,69.688004
"223",69.038002,71.139999,69.024002,70.862,36031000,70.862
"224",71.267998,73.349998,70.575996,70.694,48544500,70.694
"225",68.349998,69.959999,66.709999,69.498001,40023500,69.498001
"226",70.400002,70.620003,67.480003,67.638,23434000,67.638
"227",66.870003,67.5,65.110001,65.166,21013000,65.166
"228",65,69.244003,65,69.199997,39960500,69.199997
"229",68.010002,69.391998,67.099998,68.783997,31791500,68.783997
"230",69.197998,69.655998,68.442001,69.573997,20638000,69.573997
"231",69.400002,69.5,67.910004,68.234001,15403500,68.234001
"232",68.365997,70.32,67.652,70.096001,28145500,70.096001
"233",72,73.199997,70.400002,71.697998,41532500,71.697998
"234",71.209999,73.736,70.400002,71.940002,42309500,71.940002
"235",71.202003,73.475998,70.152,72.612,39212500,72.612
"236",73.800003,75.898003,71.529999,71.594002,57556000,71.594002
"237",72,73.195999,70.624001,73.029999,33067500,73.029999
"238",73.982002,74.433998,72.045998,73.351997,31544000,73.351997
"239",73.884003,74.382004,73.031998,73.32,25135000,73.32
"240",74.029999,75.487999,73.349998,75.358002,36829500,75.358002
"241",75,75.573997,72.865997,73.141998,31688000,73.141998
"242",72.400002,73.139999,68.776001,69.683998,38370000,69.683998
"243",70.108002,70.309998,66.737999,67.405998,35500000,67.405998
"244",67.519997,69.402,65.947998,66.594002,41371000,66.594002
"245",65.410004,66.057999,62.374001,63.076,45359500,63.076
"246",63.48,64.694,62.487999,63.953999,40084000,63.953999
"247",62.700001,62.900002,59.040001,59.077999,27799500,59.077999
"248",60,65.393997,58.818001,65.218002,40815500,65.218002
"249",63.967999,64.433998,60.299999,63.226002,42875500,63.226002
"250",64.620003,67.248001,63.681999,66.774002,49695000,66.774002
"251",67.557999,67.842003,65.052002,66.559998,31511500,66.559998
"252",61.220001,63.026001,59.759998,62.023998,58293000,62.023998
"253",61.400002,61.880001,59.476002,60.071999,34826000,60.071999
"254",61.200001,63.599998,60.546001,63.537998,36970500,63.537998
"255",64.344002,67.348,63.549999,66.991997,37756000,66.991997
"256",68.391998,68.802002,65.403999,67.07,35042500,67.07
"257",67.099998,68.699997,66.293999,67.706001,27164500,67.706001
"258",66.879997,69.078003,66.358002,68.994003,30282000,68.994003
"259",68.417999,69.681999,67.753998,69.452003,25195500,69.452003
"260",68.475998,68.5,66.800003,66.879997,26236500,66.879997
"261",67,69.760002,66.900002,68.886002,30283000,68.886002
"262",68.956001,70.400002,68.699997,69.209999,23458500,69.209999
"263",69.241997,70.300003,68.830002,69.461998,18383500,69.461998
"264",64.599998,65.426003,59.945999,60.452,120754000,60.452
"265",60.964001,61.599998,59.099998,59.784,60333500,59.784
"266",58.5,58.900002,56.338001,57.518002,62650000,57.518002
"267",56.605999,58.736,55.855999,58.301998,40061000,58.301998
"268",58.877998,59.703999,57.91,59.408001,36248000,59.408001
"269",58.582001,59.492001,57.549999,59.276001,32116500,59.276001
"270",59.054001,59.712002,58.360001,59.492001,23108500,59.492001
"271",60.09,61.799999,59.698002,61.754002,56251500,61.754002
"272",60.200001,62.312,58.799999,61.403999,62846000,61.403999
"273",61.084,63.220001,60.700001,62.442001,36417000,62.442001
"274",62.596001,63.060001,60.375999,62.577999,36760500,62.577999
"275",62.498001,64.487999,62.450001,64.269997,33714000,64.269997
"276",63.917999,64.848,63.124001,63.444,25192500,63.444
"277",62.66,62.939999,60.599998,61.501999,32603000,61.501999
"278",61.366001,61.490002,59.700001,61.16,29221000,61.16
"279",62.32,63.720001,62.099998,62.568001,35648500,62.568001
"280",63.240002,63.638,61.924,62.362,27588000,62.362
"281",62.470001,62.549999,61.113998,61.633999,25708000,61.633999
"282",60.675999,61.354,60.200001,60.754002,26004000,60.754002
"283",60.900002,61.599998,60.779999,61.576,19524500,61.576
"284",61.312,62.307999,61.094002,61.127998,20842000,61.127998
"285",60.882,61.259998,59.799999,60.512001,35710500,60.512001
"286",60.362,60.647999,58.099998,58.245998,44546000,58.245998
"287",58.897999,59.299999,58.419998,58.942001,28703000,58.942001
"288",59.582001,60.580002,59.400002,59.754002,33132500,59.754002
"289",58.444,60.402,57.754002,59.571999,42912500,59.571999
"290",60.355999,63.259998,60.110001,62.948002,55919500,62.948002
"291",63.784,64,62.161999,63.976002,52603500,63.976002
"292",61.388,61.425999,58.380001,58.958,114557000,58.958
"293",59.624001,59.799999,56.556,57.071999,85484000,57.071999
"294",56.400002,56.799999,54.02,55.307999,93823500,55.307999
"295",55.296001,56.301998,54.877998,55.248001,51677500,55.248001
"296",55.768002,56.939999,54.849998,55.318001,47212500,55.318001
"297",55.382,57.118,55.178001,56.827999,44098000,56.827999
"298",56.703999,58.256001,56.099998,58.183998,36961500,58.183998
"299",57.298,57.613998,56.212002,56.672001,37520500,56.672001
"300",56.779999,58.397999,56.540001,57.792,34223500,57.792
"301",58.490002,59.077999,57.658001,57.992001,35517000,57.992001
"302",56.702,56.743999,54.880001,55.085999,73927500,55.085999
"303",55.200001,55.610001,53.459999,53.897999,51405000,53.897999
"304",53.5,54.66,52.692001,53.493999,59003000,53.493999
"305",53.938,54.993999,53.259998,54.720001,34541000,54.720001
"306",54.52,55.290001,53.689999,54.804001,29735500,54.804001
"307",54.515999,54.560001,52.799999,52.905998,43728000,52.905998
"308",51.942001,52.636002,50.891998,52.084,51075000,52.084
"309",52.888,54.051998,52.886002,53.554001,36754500,53.554001
"310",53.75,55.074001,53.636002,54.966,43896000,54.966
"311",55.431999,56.066002,55.02,55.723999,33870500,55.723999
"312",55.740002,56.032001,54.900002,55.972,29956500,55.972
"313",56.523998,57.84,56.256001,57.835999,40552000,57.835999
"314",57.66,57.888,56.776001,57.175999,27394500,57.175999
"315",57.464001,59.234001,57.433998,58.362,39597000,58.362
"316",52.377998,54.240002,52.118,53.556,118603500,53.556
"317",53.972,55.220001,53.222,54.992001,65191500,54.992001
"318",55.537998,56.231998,54.088001,54.639999,52052000,54.639999
"319",54.330002,55,53.922001,54.462002,29520000,54.462002
"320",55.348,55.675999,54.577999,55.212002,35306500,55.212002
"321",53.66,54.099998,53.119999,53.683998,49179500,53.683998
"322",54.043999,54.389999,53.366001,53.540001,33730000,53.540001
"323",53.726002,53.776001,51.726002,53.276001,50193000,53.276001
"324",53.150002,55,52.944,54.672001,36364500,54.672001
"325",54.950001,54.958,53.708,54.245998,25632500,54.245998
"326",54.245998,54.967999,53.950001,54.652,29381500,54.652
"327",53.799999,53.936001,52.495998,52.549999,60735500,52.549999
"328",52.029999,53.119999,51.150002,52.779999,54719500,52.779999
"329",52.77,53.063999,51.599998,51.731998,53637500,51.731998
"330",51,51.799999,49.214001,49.526001,109247000,49.526001
"331",49.299999,49.335999,46.226002,47.028,111803500,47.028
"332",47.172001,48.796001,46.433998,48.293999,83572500,48.293999
"333",48.411999,48.841999,47.400002,47.737999,47323000,47.737999
"334",47.77,48,46.299999,46.801998,53522000,46.801998
"335",49.104,49.425999,47.543999,48.82,90796500,48.82
"336",48.771999,51.321999,48.698002,51.006001,118534000,51.006001
"337",50.004002,51.669998,49.700001,51.068001,54169500,51.068001
"338",51.360001,51.442001,49.02,49.411999,50657000,49.411999
"339",49.388,50.119999,48.84,48.967999,30882000,48.967999
"340",48.400002,48.736,47.388,48.396,33557000,48.396
"341",47.950001,48.397999,47.203999,47.903999,35041500,47.903999
"342",46.402,46.493999,44.900002,45.402,54174000,45.402
"343",45.860001,46.900002,45.599998,46.462002,36262000,46.462002
"344",45.863998,46.487999,45.049999,46.389999,36480000,46.389999
"345",45.897999,46.200001,45.299999,45.666,37416500,45.666
"346",44.391998,44.448002,41.784,42.206001,88933500,42.206001
"347",40.560001,41.200001,39.049999,41.071999,102631000,41.071999
"348",39.551998,41.48,39.208,41.015999,90019500,41.015999
"349",39.82,40.787998,38.355999,38.546001,93426000,38.546001
"350",38.868,39.894001,37.243999,39.098,132735500,39.098
"351",39.966,39.995998,37.75,38.125999,70683000,38.125999
"352",38.240002,39,37.57,37.740002,51564500,37.740002
"353",37.419998,38.478001,37.007999,37.972,59843000,37.972
"354",37.75,38.452,37.403999,37.644001,39632500,37.644001
"355",37.02,37.984001,36.82,37.032001,52033500,37.032001
"356",37.102001,37.335999,35.397999,35.793999,65322000,35.793999
"357",36.220001,38.796001,35.922001,38.720001,69037500,38.720001
"358",39.736,40.256001,38.369999,39.318001,67554000,39.318001
"359",40.888,42.200001,40.360001,41.189999,101211000,41.189999
"360",41,42.167999,40.700001,40.900002,80017500,40.900002
"361",42.049999,43.388,41.801998,42.576,52925000,42.576
"362",43.827999,44.18,42.700001,43.419998,58267500,43.419998
"363",44.59,44.675999,41.799999,41.852001,75987500,41.852001
"364",42.076,42.98,41.501999,42.782001,40841500,42.782001
"365",42.25,43.330002,42.080002,42.984001,37167000,42.984001
"366",43.096001,45.400002,42.854,45.006001,61584000,45.006001
"367",45.743999,46.948002,44.512001,44.948002,63579000,44.948002
"368",45.021999,45.554001,44.212002,45.285999,32875500,45.285999
"369",44.599998,45.380001,43.27,43.924,59317500,43.924
"370",43.243999,44.436001,43.099998,44.372002,41010500,44.372002
"371",44.647999,45.172001,44.203999,44.728001,28754000,44.728001
"372",44.877998,45.068001,43.897999,43.952,30910500,43.952
"373",44.062,45.445999,43.619999,43.854,42536000,43.854
"374",43.889999,44.580002,43.470001,44.568001,31698500,44.568001
"375",44.198002,45.034,44.16,44.692001,34257000,44.692001
"376",46.042,46.619999,45.256001,45.433998,41067000,45.433998
"377",45.778,45.830002,44.444,44.91,46295000,44.91
"378",47.877998,48.313999,46.902,46.98,71005500,46.98
"379",46.914001,47.09,46.16,46.619999,35328500,46.619999
"380",46.248001,46.450001,45.731998,46.068001,29402500,46.068001
"381",45.793999,46.200001,45.456001,46.012001,30954000,46.012001
"382",46.830002,47.787998,46.627998,47.784,45728500,47.784
"383",47.627998,48.299999,47.16,47.720001,37572000,47.720001
"384",47.950001,49.076,47.942001,49.015999,46002500,49.015999
"385",49.599998,50.883999,48.972,50.700001,55000500,50.700001
"386",49.860001,50.706001,49.585999,50.476002,40745000,50.476002
"387",51.133999,51.661999,50.669998,50.972,48823500,50.972
"388",51.009998,51.150002,50.377998,50.708,23793000,50.708
"389",51.138,51.992001,50.924,51.636002,35242000,51.636002
"390",51.75,52.43,50.838001,51.136002,34212000,51.136002
"391",51.341999,52.096001,50.900002,52.034,25115500,52.034
"392",51.834,53.214001,51.632,52.976002,55364000,52.976002
"393",46.700001,46.900002,45.110001,45.764,112091500,45.764
"394",45.383999,46.051998,44.450001,45.608002,50138500,45.608002
"395",45.417999,47.188,45.206001,47.153999,46366500,47.153999
"396",46.580002,48.672001,46.436001,48.452,40545000,48.452
"397",48.599998,49.335999,47.330002,48.321999,45891000,48.321999
"398",48.529999,48.902,46.354,46.77,41297500,46.77
"399",46.27,47.254002,45.846001,46.868,30682500,46.868
"400",45.919998,46.273998,45.155998,45.664001,35141500,45.664001
"401",46.375999,46.5,45.150002,46.150002,27821000,46.150002
"402",45.299999,46.714001,45.16,46.683998,23882500,46.683998
"403",46.889999,47.959999,46.529999,47.66,26371500,47.66
"404",47.209999,47.792,46.762001,47.001999,19491000,47.001999
"405",46.598,47.153999,45.75,45.801998,23319500,45.801998
"406",45.762001,47.200001,45.509998,47,24240500,47
"407",46.242001,46.299999,43.338001,43.924,47813000,43.924
"408",44.172001,44.312,42.310001,43.127998,40798000,43.127998
"409",43.332001,44.448002,43.203999,43.987999,25492500,43.987999
"410",44.841999,45.566002,44.34,45.366001,26548000,45.366001
"411",45.523998,45.818001,44.908001,45.172001,20626000,45.172001
"412",44.402,44.644001,43.52,44.166,38971500,44.166
"413",44.560001,45.080002,43.644001,44.43,32795000,44.43
"414",43.993999,44.234001,42.200001,42.279999,42693000,42.279999
"415",42.720001,43.004002,42.307999,43,25259500,43
"416",43.147999,43.759998,42.405998,42.816002,27081000,42.816002
"417",42.737999,43.450001,42.462002,43.118,16127500,43.118
"418",43.799999,44.68,43.599998,44.341999,25897500,44.341999
"419",45.830002,46.487999,44.841999,45.122002,46603000,45.122002
"420",44.816002,45.790001,44.632,45.001999,26770500,45.001999
"421",45.377998,45.692001,43.841999,44.136002,28805000,44.136002
"422",44.5,45.959999,44.169998,45.916,36976500,45.916
"423",45.439999,45.928001,45.034,45.490002,20947000,45.490002
"424",46,46.751999,45.846001,46.358002,24013500,46.358002
"425",46.16,47.108002,45.787998,47.108002,24418500,47.108002
"426",47.476002,49.633999,47.200001,49.419998,50214000,49.419998
"427",49.540001,50.700001,48.880001,49.174,42906000,49.174
"428",49.391998,49.689999,48.973999,49.040001,26565500,49.040001
"429",49.200001,49.486,48.234001,48.562,23640500,48.562
"430",48.493999,49.119999,48.074001,48.958,19327000,48.958
"431",49,49.633999,48.473999,48.698002,20851000,48.698002
"432",49.200001,49.588001,48.967999,49.32,23979000,49.32
"433",49.298,49.389999,47.632,48.124001,31765000,48.124001
"434",48,49.035999,47.844002,48.245998,21701000,48.245998
"435",48.304001,48.397999,44.521999,44.641998,64457500,44.641998
"436",44.911999,45.796001,43.672001,45.740002,47135500,45.740002
"437",46.132,48.661999,45.48,48.512001,59422500,48.512001
"438",48.439999,49.742001,47.745998,48.425999,55582000,48.425999
"439",48.599998,48.796001,47.222,48.174,29399000,48.174
"440",48.299999,49.189999,47.826,48.938,30813000,48.938
"441",48.658001,48.93,47.886002,48.625999,28157000,48.625999
"442",46.372002,46.896,44.855999,46.605999,75422500,46.605999
"443",46.321999,46.956001,45.613998,46.285999,39975000,46.285999
"444",45.959999,47.712002,45.709999,47.543999,40321000,47.543999
"445",47.174,48.787998,46.900002,48.009998,43391000,48.009998
"446",48.264,49.459999,48.130001,48.905998,34472000,48.905998
"447",49.056,49.855999,48.316002,48.948002,31416500,48.948002
"448",49.43,50.216,49.362,49.577999,42377000,49.577999
"449",49.580002,51.709999,49.425999,51.391998,51025000,51.391998
"450",51.540001,52,50.824001,51.577999,32164000,51.577999
"451",51.478001,52.419998,51.383999,51.950001,33420500,51.950001
"452",52.5,52.956001,52.034,52.394001,23846500,52.394001
"453",52.139999,52.560001,51.02,51.389999,28749000,51.389999
"454",51.666,51.900002,50.035999,50.700001,25101500,50.700001
"455",50.863998,51.666,50.169998,51.116001,23004000,51.116001
"456",50.900002,51.228001,50.27,50.936001,26305500,50.936001
"457",59.674,60.986,57.84,59.936001,148604500,59.936001
"458",59.543999,66,59.222,65.625999,150030500,65.625999
"459",65.508003,68.167999,64.519997,65.542,94351500,65.542
"460",63.998001,64.860001,62.950001,63.243999,63421500,63.243999
"461",62.599998,63.757999,61.993999,63.001999,48209000,63.001999
"462",62.619999,63.799999,62.599998,62.984001,25335000,62.984001
"463",63.264,63.296001,61.959999,62.661999,31919500,62.661999
"464",62.959999,64.388,61.852001,63.493999,43935000,63.493999
"465",63.924,64.702003,63.223999,63.444,34717000,63.444
"466",63.599998,65.344002,62.900002,65.316002,39704500,65.316002
"467",65.828003,68.300003,65.603996,67.108002,72336500,67.108002
"468",66.900002,67.491997,66.5,67.428001,30346000,67.428001
"469",68.790001,69.837997,68.400002,69.017998,49933500,69.017998
"470",69.379997,70.073997,68.807999,69.986,36797000,69.986
"471",71,71.265999,69.036003,69.222,42100500,69.222
"472",69.222,70.767998,68.582001,69.870003,32324500,69.870003
"473",70.127998,70.559998,69.671997,70.433998,24045000,70.433998
"474",70.584,70.629997,69.220001,69.998001,22002000,69.998001
"475",70.349998,71.998001,69.559998,71.903999,38624000,71.903999
"476",72,72.239998,69.914001,70.444,33625500,70.444
"477",70.902,72.167999,70.800003,70.966003,30550000,70.966003
"478",68.031998,68.199997,66,66.608002,84353000,66.608002
"479",68.863998,68.914001,66.891998,67.267998,61697500,67.267998
"480",67.054001,67.099998,65.419998,65.783997,39737000,65.783997
"481",66.223999,66.786003,65.713997,66.258003,27778000,66.258003
"482",66.222,66.251999,65.5,65.987999,12328000,65.987999
"483",65.879997,67.276001,65.737999,66.973999,30372500,66.973999
"484",66.524002,67.582001,66.438004,67.239998,32868500,67.239998
"485",67.550003,67.571999,66.57,66.606003,27665000,66.606003
"486",66.566002,66.884003,65.449997,66.073997,18623000,66.073997
"487",67,67.772003,66.954002,67.178001,38062000,67.178001
"488",67.318001,68.889999,67.015999,67.905998,45115500,67.905998
"489",67.991997,70.146004,67.862,69.767998,44141500,69.767998
"490",70.375999,71.438004,70.218002,70.540001,34489000,70.540001
"491",70.984001,72.547997,70.646004,71.935997,38819500,71.935997
"492",72.209999,73.042,70.928001,71.678001,32854500,71.678001
"493",72.510002,76.722,72.5,76.300003,90871000,76.300003
"494",75.797997,77.099998,75.18,75.797997,42484000,75.797997
"495",76.125999,79.043999,76.115997,78.629997,70605000,78.629997
"496",79.463997,81.370003,79.300003,80.807999,90535500,80.807999
"497",82.057999,82.599998,80.038002,81.117996,73763500,81.117996
"498",82.356003,84.402,82,83.844002,66598000,83.844002
"499",83.671997,85.094002,82.538002,85.050003,40273500,85.050003
"500",85.582001,86.695999,85.269997,86.188004,53169500,86.188004
"501",87,87.061996,85.222,86.075996,49728500,86.075996
"502",85.758003,85.800003,81.851997,82.940002,62932000,82.940002
"503",81,84.258003,80.416,83.666,51428500,83.666
"504",84.900002,86.139999,84.342003,86.052002,47660500,86.052002
"505",88.099998,90.800003,87.384003,88.601997,88892500,88.601997
"506",88.094002,90.311996,88,90.307999,50665000,90.307999
"507",92.279999,94.325996,90.671997,93.811996,89410500,93.811996
"508",94.739998,99.697998,93.646004,98.428001,155721500,98.428001
"509",99.419998,99.760002,94.573997,96.267998,142202000,96.267998
"510",96.358002,96.987999,94.739998,95.629997,64797500,95.629997
"511",98.699997,105.125999,98.400002,104.972,132588000,104.972
"512",108.851997,109.482002,104.980003,107.584,144981000,107.584
"513",105.952003,107.568001,103.358002,103.699997,86844000,103.699997
"514",98.75,102.891998,98.433998,102.697998,108683500,102.697998
"515",101.522003,103.134003,100.632004,102.099998,68145500,102.099998
"516",106.050003,109.716003,105.681999,109.440002,89017500,109.440002
"517",114.377998,118.900002,111.82,113.912003,156845000,113.912003
"518",112.849998,116.400002,111.120003,114.440002,98255000,114.440002
"519",114.125999,114.772003,110.851997,112.963997,71768000,112.963997
"520",108.398003,112.888,107.856003,111.603996,68040500,111.603996
"521",113.697998,115.362,111.615997,113.379997,58942500,113.379997
"522",115.138,117.959999,113.486,116.197998,89007500,116.197998
"523",126.484001,130.175995,123.599998,128.162003,145028500,128.162003
"524",128,130.600006,126.503998,130.113998,78596500,130.113998
"525",134.738007,157.227997,134.703995,156,236167500,156
"526",176.591995,193.798004,166.776001,177.412003,304694000,177.412003
"527",164.651993,169.195999,140.822006,146.940002,242119000,146.940002
"528",139.983994,159.166,137.399994,149.792007,199404000,149.792007
"529",146.110001,153.949997,146,149.613998,85317500,149.613998
"530",160,163.998001,150.479996,154.255997,123446000,154.255997
"531",153.757996,156.701996,151.600006,154.876007,58487500,154.876007
"532",155.574005,157.949997,152.673996,153.457993,60112500,153.457993
"533",148.367996,163.600006,147,160.800003,131446500,160.800003
"534",157.444,162.593994,157.100006,160.005997,78468500,160.005997
"535",168.320007,172,166.472,171.679993,81908500,171.679993
"536",184.699997,188.955994,180.203995,183.483994,127115000,183.483994
"537",182.389999,182.399994,171.988007,179.882004,88174500,179.882004
"538",181.395996,182.612,176.089996,180.199997,71574000,180.199997
"539",167.800003,172.699997,164.440002,166.757996,75961000,166.757996
"540",169.800003,171.320007,157.399994,159.981995,86452500,159.981995
"541",156.5,162.662003,155.222,155.759995,70427500,155.759995
"542",146,147.953995,133.800003,135.800003,121386000,135.800003
"543",125.940002,138.104004,122.304001,133.598007,122821000,133.598007
"544",142.251999,148.738007,137.334,148.723999,100975000,148.723999
"545",161,161.395996,143.222,149.102005,128920000,149.102005
"546",152.792007,153.304001,144.945999,149.899994,75245000,149.899994
"547",144.753998,149.149994,143.613998,144.908005,54263500,144.908005
"548",138,141.399994,136.854004,140.695999,63314500,140.695999
"549",121.078003,132.600006,121,121.599998,85368500,121.599998
"550",131.886002,133.600006,121.599998,129.065994,77972000,129.065994
"551",128.039993,130.716003,122.599998,126.846001,66612500,126.846001
"552",116.178001,118.900002,109.25,112.110001,94545500,112.110001
"553",119,121.514,100.400002,109.323997,113201500,109.323997
"554",93.900002,98.973999,88.433998,89.014,102447500,89.014
"555",88.001999,94.370003,79.199997,86.040001,119973000,86.040001
"556",77.800003,80.972,70.101997,72.244003,118931000,72.244003
"557",74.940002,90.400002,71.692001,85.528,150977500,85.528
"558",87.639999,95.400002,85.157997,85.505997,141427500,85.505997
"559",86.720001,88.400002,82.099998,86.858002,82272500,86.858002
"560",95.459999,102.737999,94.800003,101,114476000,101
"561",109.050003,111.400002,102.222,107.849998,106113500,107.849998
"562",109.477997,112,102.449997,105.632004,86903500,105.632004
"563",101,105.160004,98.806,102.872002,71887000,102.872002
"564",102.052002,103.330002,98.246002,100.426003,59990500,100.426003
"565",100.25,108.592003,99.400002,104.800003,88857500,104.800003
"566",100.800003,102.790001,95.019997,96.311996,66766000,96.311996
"567",96.206001,98.851997,89.279999,90.893997,99292000,90.893997
"568",101.900002,103.098,93.678001,96.001999,22562100,96.001999
"569",102.239998,104.199997,99.592003,103.248001,14901800,103.248001
"570",109,113,106.468002,109.089996,17919800,109.089996
"571",110.839996,111.442001,106.666,109.767998,12656000,109.767998
"572",112.417999,115.036003,111.421997,114.599998,13650000,114.599998
"573",118.031998,130.399994,116.106003,130.190002,22475400,130.190002
"574",139.794006,148.376007,138.485992,141.977997,30576500,141.977997
"575",148.399994,150.626007,142,145.966003,23577000,145.966003
"576",143.388,151.889999,141.343994,149.042007,20657900,149.042007
"577",154.455994,154.990005,149.531998,150.778,13128200,150.778
"578",146.539993,153.113998,142.442001,149.272003,14746600,149.272003
"579",146.024002,150.666,134.757996,137.343994,20209100,137.343994
"580",140.796005,146.800003,137.742004,146.421997,14224800,146.421997
"581",145.520004,146.800003,140.626007,141.126007,13236700,141.126007
"582",142.162003,146.145996,139.636002,145.029999,13237600,145.029999
"583",147.522003,159.897995,147,159.75,20681400,159.75
"584",159.128006,161,151.337997,153.824005,15222000,153.824005
"585",158.033997,160.639999,156.632004,160.102005,16216000,160.102005
"586",171.037994,173.964005,152.699997,156.376007,28471900,156.376007
"587",151,154.554001,136.608002,140.264008,32531800,140.264008
"588",140.199997,152.399994,139.600006,152.238007,19237100,152.238007
"589",157.957993,159.783997,152.436005,153.641998,16991700,153.641998
"590",155.300003,157.960007,152.222,156.516006,11123200,156.516006
"591",155.442001,159.279999,154.470001,156.007996,11527700,156.007996
"592",158.753998,164.800003,157.401993,163.884003,16130100,163.884003
"593",158.102005,164.800003,157,162.257996,16519600,162.257996
"594",165.399994,168.658005,161.600006,161.882004,15906900,161.882004
"595",164.166,165.199997,152.660004,158.192001,19065500,158.192001
"596",156,160.671997,152.800003,160.666,13682200,160.666
"597",158.070007,161.009995,157.309998,159.834,10518400,159.834
"598",165.556,166.944,160.776001,162.725998,11665800,162.725998
"599",163.033997,164.414001,161.216003,161.602005,48182500,161.602005
"600",164.100006,165.199997,162.360001,163.112,36546500,163.112
"601",163.199997,166.5,159.199997,165.520004,61273000,165.520004
"602",164.434006,166.356003,162.399994,163.376007,49937500,163.376007
"603",166.899994,166.919998,163.141998,163.774002,40448500,163.774002
"604",164.171997,165.542007,157,164.046005,57747500,164.046005
"605",162.701996,164.949997,160.337997,161.162003,36278000,161.162003
"606",161.75,167,160.841995,167,59062500,167
"607",171.600006,179.800003,170.820007,179.619995,74697500,179.619995
"608",178.940002,181.731995,174.199997,176.311996,67828000,176.311996
"609",177.623993,179.587997,176.020004,176.591995,39747500,176.591995
"610",177.975998,179.149994,171.688004,172.876007,44438500,172.876007
"611",175.567993,177.304001,173.240005,177.132004,39059500,177.132004
"612",183.800003,190,181.832001,189.983994,70873500,189.983994
"613",188.001999,190.888,184.785995,188.134003,56941000,188.134003
"614",198.376007,205.496002,196.5,205.009995,92817000,205.009995
"615",198.039993,203.792007,194.399994,194.567993,79582500,194.567993
"616",196,197.595993,182.520004,187.056,83817000,187.056
"617",183.557999,199.768005,181.699997,198.179993,78486000,198.179993
"618",202.369995,202.576004,192.477997,196.425995,70255500,196.425995
"619",197.542007,201,196.514008,198.358002,49454000,198.358002
"620",200.600006,203.839996,198.893997,200.792007,48759500,200.792007
"621",202.556,203.194,198.268005,200.179993,43398500,200.179993
"622",199.990005,201.776001,198.003998,198.863998,31812000,198.863998
"623",199.776001,202.399994,198.802002,200.356003,31826500,200.356003
"624",198.822006,200.175995,190.628006,192.169998,54798000,192.169998
"625",190.854004,197.195999,187.429993,197.195999,46272500,197.195999
"626",198.955994,199,190.973999,191.947998,44274500,191.947998
"627",193.802002,202,189.703995,201.869995,45132000,201.869995
"628",201.300003,217.537994,200.746002,215.962006,84592500,215.962006
"629",216.600006,227.065994,216.100006,223.925995,66634500,223.925995
"630",244.296005,245.600006,237.119995,241.731995,86250500,241.731995
"631",255.337997,275.558014,253.207993,274.31601,102849500,274.31601
"632",281.002014,285.899994,267.34201,277.971985,107448500,277.971985
"633",281,283.451996,262.268005,273.175995,81556500,273.175995
"634",279.39801,281.712006,270.256012,278.855988,58588000,278.855988
"635",279.200012,309.783997,275.201996,308.929993,116688000,308.929993
"636",331.799988,358.997986,294.221985,299.411987,194927000,299.411987
"637",311.200012,318,286.200012,303.359985,117090500,303.359985
"638",308.600006,310,291.399994,309.201996,81839000,309.201996
"639",295.432007,306.34201,293.200012,300.127991,71504000,300.127991
"640",302.690002,307.502014,298,300.167999,46650000,300.167999
"641",303.802002,330,297.600006,328.600006,85607000,328.600006
"642",327.985992,335,311.600006,313.671997,80786500,313.671997
"643",319.799988,325.283997,312.399994,318.466003,70805500,318.466003
"644",335.790009,337.799988,296.153992,302.614014,121642500,302.614014
"645",283.201996,293,273.308014,283.399994,96983000,283.399994
"646",287,309.588013,282.600006,307.920013,80243500,307.920013
"647",300.799988,312.940002,294.884003,295.298004,79043500,295.298004
"648",300.200012,306.962006,297.399994,299.821991,47134500,299.821991
"649",297.600006,302.64801,294.200012,297.497986,38105000,297.497986
"650",303,303.410004,284.196014,286.152008,61235000,286.152008
"651",289.839996,301.962006,288.876007,297,44046500,297
"652",299.002014,305.481995,292.399994,297.399994,42075000,297.399994
"653",298.597992,299.967987,293.661987,297.003998,24890000,297.003998
"654",298.165985,303.462006,295.451996,297.915985,29961500,297.915985
"655",299.90799,299.950012,283.002014,290.541992,44482000,290.541992
"656",289.600006,291.5,277.167999,283.713989,37611500,283.713989
"657",279.200012,284,273,274.877991,43129000,274.877991
"658",294,317,287,310.951996,109494000,310.951996
"659",322.200012,330.235992,313.451996,324.200012,102126500,324.200012
"660",332.997986,333.76001,325.328003,330.141998,62888000,330.141998
"661",335.399994,369.171997,334.56601,367.127991,101211500,367.127991
"662",379.798004,384.779999,369.022003,377.417999,82372500,377.417999
"663",373,382.200012,368.242004,375.705994,61026500,375.705994
"664",372.135986,404.39801,371.411987,400.365997,103059000,400.365997
"665",408.951996,419.097992,405.01001,409.996002,107448000,409.996002
"666",425.256012,425.799988,385.503998,402.839996,100318000,402.839996
"667",394.977997,405.589996,393.600006,404.667999,53294500,404.667999
"668",412,433.200012,410.726013,430.634003,71197000,430.634003
"669",436.09201,459.119995,428.5,447.75,118465000,447.75
"670",459.023987,463.697998,437.303986,442.679993,100406000,442.679993
"671",444.609985,500.140015,440.109985,498.320007,118374400,498.320007
"672",502.140015,502.48999,470.51001,475.049988,90119400,475.049988
"673",478.98999,479.040009,405.119995,447.369995,96176100,447.369995
"674",407.230011,431.799988,402,407,87596100,407
"675",402.809998,428,372.019989,418.320007,110321900,418.320007
"676",356,368.73999,329.880005,330.209991,115465700,330.209991
"677",356.600006,369,341.51001,366.279999,79465800,366.279999
"678",386.209991,398.98999,360.559998,371.339996,84930600,371.339996
"679",381.940002,382.5,360.5,372.720001,60717500,372.720001
"680",380.950012,420,373.299988,419.619995,83020600,419.619995
"681",436.559998,461.940002,430.700012,449.76001,97298200,449.76001
"682",439.869995,457.790009,435.309998,441.76001,72279300,441.76001
"683",415.600006,437.790009,408,423.429993,76779200,423.429993
"684",447.940002,451,428.799988,442.149994,86406800,442.149994
"685",453.130005,455.679993,407.070007,449.390015,109476800,449.390015
"686",429.600006,437.76001,417.600006,424.230011,79580800,424.230011
"687",405.160004,412.149994,375.880005,380.359985,95074200,380.359985
"688",363.799988,399.5,351.299988,387.790009,96561100,387.790009
"689",393.470001,408.730011,391.299988,407.339996,67208500,407.339996
"690",424.619995,428.079987,415.549988,421.200012,49719600,421.200012
"691",416,428.5,411.600006,419.070007,50219300,419.070007
"692",421.320007,433.929993,420.470001,429.01001,48145600,429.01001
"693",440.76001,448.880005,434.420013,448.160004,50741500,448.160004
"694",421.390015,439.130005,415,415.089996,71430000,415.089996
"695",423.350006,433.640015,419.329987,425.679993,44722800,425.679993
"696",423.790009,428.779999,406.049988,413.980011,49146300,413.980011
"697",419.869995,429.899994,413.850006,425.299988,43127700,425.299988
"698",438.440002,439,425.299988,425.920013,40421100,425.920013
"699",430.130005,434.589996,426.459991,434,28925700,434
"700",442,448.73999,438.579987,442.299988,38791100,442.299988
"701",443.350006,448.890015,436.600006,446.649994,34463700,446.649994
"702",449.779999,465.899994,447.350006,461.299988,48045400,461.299988
"703",450.309998,456.570007,442.5,448.880005,35672400,448.880005
"704",454.440002,455.950012,438.850006,439.670013,32775900,439.670013
"705",446.23999,447,428.869995,430.829987,36287800,430.829987
"706",431.75,431.75,419.049988,421.940002,31656300,421.940002
"707",422.700012,432.950012,421.25,422.640015,32370500,422.640015
"708",441.920013,445.230011,424.51001,425.790009,39993200,425.790009
"709",421.839996,422.890015,407.380005,420.630005,33717000,420.630005
"710",411.630005,425.76001,410,420.279999,28239200,420.279999
