"","000002.SZ.Open","000002.SZ.High","000002.SZ.Low","000002.SZ.Close","000002.SZ.Volume","000002.SZ.Adjusted"
"1",31.450001,32.990002,31.450001,32.560001,68343350,29.057291
"2",32.5,33.779999,32.23,32.330002,64687020,28.852036
"3",32.759998,33.529999,32.099998,33.119999,52908580,29.557047
"4",32.98,35.880001,32.799999,34.759998,84310196,31.020618
"5",35.110001,36.959999,35.110001,35.990002,83078359,32.118301
"6",35.630001,36.110001,34.950001,35.84,47845909,31.984438
"7",35.599998,36.700001,35.5,35.669998,45369591,31.832724
"8",35.549999,35.779999,34.540001,35.130001,39833258,31.350821
"9",35.099998,36.619999,35.09,35.549999,53701333,31.725636
"10",35.84,38,35.610001,37.09,75718609,33.099968
"11",36.5,40.700001,36.400002,40.200001,97846478,35.875401
"12",39.48,40.599998,38.299999,39.77,81219193,35.491661
"13",39.599998,40.639999,38.900002,39.759998,55884840,35.482735
"14",39.849998,41.09,39.25,39.419998,54875823,35.17931
"15",39,39.84,38.509998,39.529999,40652641,35.277477
"16",40,41.509998,39.990002,40.98,64865750,36.571491
"17",40.700001,42.240002,40.459999,41.130001,54262959,36.705353
"18",41.119999,41.119999,38.799999,40.200001,64806457,35.875401
"19",40,40.66,39.119999,40.040001,41006237,35.732613
"20",40.380001,40.560001,38.09,38.57,59786274,34.420753
"21",38,38,36.27,36.360001,90823442,32.448502
"22",36.610001,37.759998,35.619999,37.560001,89814786,33.519405
"23",37.5,38.040001,36.900002,37.5,63542538,33.465862
"24",36.5,37.900002,35.799999,37.380001,59679368,33.358768
"25",36.799999,38.060001,36.310001,36.990002,55263472,33.010723
"26",35.93,36.099998,34.880001,35.82,69983671,31.966589
"27",36.43,36.580002,32.5,32.98,95212968,29.432108
"28",33,33.880001,32.490002,32.75,58080514,29.226852
"29",31.5,31.959999,30.200001,31.27,72494490,27.906067
"30",31.43,32.32,31.309999,31.9,40765431,28.468292
"31",32.279999,33.790001,32.279999,32.73,45466811,29.209002
"32",32.869999,33.32,32.169998,33.169998,27017550,29.601667
"33",34,34.049999,33.330002,33.700001,30237326,30.074652
"34",33.900002,35.099998,33.330002,34.720001,38453890,30.984926
"35",34.66,34.759998,33.110001,34.18,54065501,30.503016
"36",34.200001,34.279999,32.650002,32.900002,50659814,29.360716
"37",32.509998,33.23,31.84,32.700001,50000447,29.182228
"38",32.169998,33.09,32.02,32.41,33606432,28.923426
"39",32,32.73,31.51,32.279999,32283849,28.807411
"40",32.490002,33.150002,32.07,32.18,37335438,28.718172
"41",32.349998,33.709999,32.009998,33.669998,58100806,30.047878
"42",33.439999,33.919998,32.799999,32.900002,38799255,29.360716
"43",33.400002,33.740002,32.849998,33.639999,35102254,30.021105
"44",33.869999,33.91,33.34,33.459999,32510239,29.86047
"45",33.540001,33.68,32.349998,32.619999,60620829,29.110834
"46",32.59,32.84,32.369999,32.48,22092041,28.985897
"47",32.439999,32.950001,32.200001,32.700001,31583300,29.182228
"48",32.5,33.099998,32.41,32.66,25221534,29.146532
"49",32.580002,33.349998,32.5,32.630001,33757215,29.119761
"50",32.57,32.580002,31.52,31.58,36696749,28.182716
"51",31.4,31.59,30.75,31.34,29011765,27.968536
"52",31.469999,32.150002,31.309999,31.66,33172574,28.25411
"53",31.799999,31.879999,31.040001,31.18,23578708,27.825747
"54",30.02,31.07,29.209999,31.07,50512539,27.727581
"55",30.76,30.790001,29.9,30.33,33828896,27.067186
"56",30.889999,31.870001,30.709999,31.02,57885391,27.682961
"57",30.51,32.150002,30.299999,31.33,42672897,27.95961
"58",31.540001,34.459999,31.030001,34.16,99970072,30.485167
"59",33.700001,33.990002,33.169998,33.290001,57269205,29.708761
"60",33.650002,34.470001,33.32,33.490002,53163565,29.887245
"61",33.200001,34.099998,32.52,33.639999,43194571,30.021105
"62",32.299999,33.950001,32.099998,32.799999,58450965,29.271471
"63",32.700001,32.759998,30.959999,31.620001,47811940,28.218414
"64",31.52,32.18,31.059999,32.18,47714543,28.718172
"65",32.150002,33.240002,31.73,32.610001,48593043,29.101913
"66",32.57,32.860001,31.75,31.85,33521999,28.42367
"67",32.16,32.240002,31.030001,31.25,35157261,27.888216
"68",31.200001,31.23,29.559999,30.030001,52806865,26.799461
"69",30.16,30.549999,29.6,29.92,25819772,26.701294
"70",30.290001,30.690001,29.74,30.040001,32883533,26.808386
"71",30.33,30.530001,30.030001,30.23,25627525,26.977943
"72",30.18,30.5,29.92,30.15,25479546,26.906551
"73",29.879999,30.290001,29.790001,29.91,20171425,26.692369
"74",29.85,31.1,29.799999,30.93,46983212,27.602642
"75",30.65,30.65,29.959999,30.120001,39768418,26.879782
"76",30.299999,30.299999,28.26,28.5,81226255,25.434053
"77",28.66,28.75,27.42,28.4,38195829,25.34481
"78",28.4,28.66,27.629999,27.68,39717081,24.702267
"79",27.65,27.66,26.559999,27.33,54241986,24.389917
"80",27.26,27.559999,26.809999,26.91,42538360,24.0151
"81",27.01,27.51,26.719999,27.379999,40845367,24.43454
"82",27.4,28.860001,27.33,28.690001,65581753,25.603615
"83",28.5,28.5,28,28.200001,40903079,25.166328
"84",28.32,28.530001,27.700001,28.07,42963957,25.050312
"85",28.1,28.190001,27.73,27.940001,31830373,24.934298
"86",28.08,28.290001,27.870001,27.940001,35083854,24.934298
"87",28.110001,28.15,27.34,27.75,40506926,24.764736
"88",27.549999,27.75,27.209999,27.23,37323806,24.300676
"89",27.190001,27.219999,26.77,26.790001,44562387,23.90801
"90",26.700001,27.15,26.530001,27.15,40722227,24.22928
"91",27.08,27.110001,26.809999,27.07,43244676,24.157887
"92",27.049999,27.049999,26.58,26.719999,41546903,23.845541
"93",26.719999,27.17,26.559999,26.799999,43317062,23.916933
"94",26.799999,26.85,26.52,26.65,24161093,23.78307
"95",26.68,26.91,26.32,26.389999,27000546,23.551041
"96",26.389999,26.82,26.299999,26.5,25459499,23.649206
"97",26.299999,26.370001,25.34,25.6,55605235,22.846027
"98",25.209999,25.209999,24.58,24.639999,54016882,21.989302
"99",24.77,25.68,24.559999,25.59,70589325,22.837103
"100",25.389999,26.459999,25.299999,26,52077082,23.202997
"101",26.299999,27.379999,26.280001,27.299999,78919077,24.363146
"102",27.290001,27.77,26.84,27.49,60684137,24.532705
"103",27.299999,27.540001,26.85,26.99,50816253,24.086494
"104",27.07,27.639999,26.950001,27.389999,59753575,24.443464
"105",27.1,27.18,26.549999,26.709999,38854508,23.836617
"106",26.74,27.73,26.68,27.309999,52643679,24.372068
"107",27.57,27.83,27.23,27.709999,49837248,24.729038
"108",27.41,28.25,27.309999,27.639999,60284357,24.666571
"109",27.48,27.76,27.120001,27.370001,35760445,24.425617
"110",27.370001,28.299999,27.33,27.99,69819518,24.978916
"111",27.85,27.85,26.91,27.1,60044211,24.184662
"112",26.99,27.290001,26.41,26.959999,39340042,24.059723
"113",26.969999,28.5,26.82,27.73,77793209,24.746885
"114",27.5,28.200001,27.440001,28.1,44436660,25.077085
"115",28.25,28.379999,26.41,26.49,61581176,23.640282
"116",25.82,26.059999,24.83,25.540001,59180932,22.792482
"117",25.190001,25.360001,23.809999,24.219999,67234728,21.614485
"118",23.860001,24.57,23.5,23.879999,46251282,21.311058
"119",24.1,24.6,23.889999,24.6,35288491,21.953604
"120",24.27,24.27,22.52,22.799999,84620386,20.347242
"121",23.1,23.48,22.799999,23.42,54996488,20.900545
"122",23.459999,23.75,23,23,24988103,20.525728
"123",23.02,23.41,22.85,23.049999,26727861,20.570349
"124",23.34,23.6,22.65,23.209999,34693001,20.713135
"125",23.370001,24.049999,23.370001,24.01,40462660,21.427074
"126",24.200001,24.49,23.77,24.15,38925948,21.552013
"127",23.48,23.629999,23.17,23.469999,28406497,20.945166
"128",23.58,24.219999,23.469999,23.85,38422840,21.284286
"129",24.24,24.35,23.639999,23.719999,40755534,21.168272
"130",23.59,23.66,22.809999,23.15,43069406,20.659592
"131",23.049999,23.280001,22.65,22.98,31386930,20.507879
"132",23.02,23.049999,22.42,22.469999,41064188,20.052744
"133",22.700001,22.959999,22.5,22.68,50694938,20.24015
"134",22.639999,23.49,22.02,23.139999,61019534,20.650667
"135",22.959999,23.9,22.9,23.75,55570613,21.195044
"136",24.040001,25.09,24.040001,24.379999,83281422,21.757271
"137",24.379999,24.58,24,24.18,35518297,21.578785
"138",24.34,24.51,23.57,23.709999,38513480,21.159348
"139",23.549999,23.809999,23.24,23.32,32282763,20.811302
"140",23.540001,23.700001,22.82,23.18,35706658,20.686363
"141",23.290001,23.49,23.059999,23.32,35457815,20.811302
"142",23.24,23.24,22.209999,22.35,67386601,19.945652
"143",22.34,22.34,21.07,21.379999,67777775,19.080002
"144",21.389999,21.540001,21.049999,21.08,34607230,18.812277
"145",21.18,21.32,20.52,20.860001,31570205,18.615942
"146",21.15,21.860001,20.93,21.860001,45165309,19.508364
"147",21.889999,22.290001,21.5,21.5,41072018,19.187094
"148",21.5,22.549999,21.4,22.48,89620017,20.061668
"149",23,24.07,22.93,23.18,120116303,20.686363
"150",22.6,23.209999,22.459999,23.040001,48949476,20.561424
"151",23,23.049999,22.049999,22.32,48678481,19.91888
"152",22.389999,22.58,22.219999,22.299999,47255350,19.901031
"153",21.629999,23.08,21.610001,22.719999,49038444,20.275848
"154",22.9,23.200001,22.639999,22.690001,42416044,20.249075
"155",22.93,23.440001,22.59,23.35,47613314,20.838076
"156",23.389999,23.98,23.219999,23.91,49584624,21.337831
"157",23.91,24.08,23.67,23.92,42183383,21.346754
"158",23,23.15,22.24,22.82,54305867,21.161295
"159",22.66,23.01,22.389999,22.780001,27341765,21.124203
"160",22.98,24.059999,22.85,23.91,59434110,22.172066
"161",23.799999,24.139999,23.73,23.879999,34810115,22.144245
"162",23.74,24.4,23.719999,23.91,29114333,22.172066
"163",23.799999,24.18,23.48,23.5,28592367,21.791866
"164",23.200001,24.360001,23.18,24.049999,42814512,22.301889
"165",23.85,24.57,23.379999,23.549999,49761243,21.838232
"166",23.66,24.440001,23.41,24.43,43765447,22.654268
"167",24.110001,24.200001,23.41,23.41,54664437,21.70841
"168",23.32,23.559999,22.690001,22.809999,37536890,21.152021
"169",22.85,23.65,22.85,23.209999,33494333,21.522945
"170",23.42,23.85,23.110001,23.459999,47491779,21.754774
"171",23.389999,23.639999,23.09,23.34,35835875,21.643496
"172",23.24,23.299999,22.610001,22.879999,31382154,21.216932
"173",23.309999,23.469999,22.780001,23.1,46883796,21.420942
"174",23.129999,23.389999,22.809999,23.32,33487079,21.62495
"175",23.040001,23.23,22.719999,22.83,25506169,21.170568
"176",22.65,23.1,22.469999,23,40463405,21.328211
"177",23.030001,24.67,22.91,24.17,131783701,22.413166
"178",24.01,24.43,23.799999,24.01,52185272,22.264797
"179",24.200001,26,23.93,25.799999,106421638,23.924688
"180",24.799999,25.120001,24.4,24.639999,90883854,22.849005
"181",24.66,25.33,23.889999,24.67,84588437,22.876823
"182",24.629999,24.780001,24.299999,24.450001,44529433,22.672815
"183",24.5,24.9,23.950001,24.299999,68323625,22.533718
"184",22.950001,23.200001,21.98,22.049999,103791488,20.447262
"185",22.049999,22.120001,21.26,21.82,62863352,20.23398
"186",21.77,22.030001,21.4,21.75,43779776,20.169069
"187",21,21.5,20.809999,20.93,70955301,19.40867
"188",21.139999,21.950001,21.049999,21.799999,53138296,20.215433
"189",21.780001,21.780001,21.15,21.469999,44551574,19.90942
"190",21.6,22.059999,20.860001,21.01,39755312,19.482857
"191",21.35,21.459999,20.879999,21.219999,30750786,19.677591
"192",21.1,21.219999,20.51,20.59,57795929,19.093386
"193",20.610001,21.99,20.4,21.559999,75980975,19.992878
"194",21.879999,23.26,21.73,22.82,100828994,21.161295
"195",22.879999,22.92,22.049999,22.139999,50973270,20.53072
"196",22.23,23.120001,22.1,22.58,51346091,20.93874
"197",22.18,23.5,22,23.49,93269950,21.782595
"198",23.709999,24.75,23.459999,23.809999,72975660,22.079334
"199",24.280001,24.33,22.530001,22.799999,61887662,21.142748
"200",23.309999,23.879999,22.65,23.690001,60292035,21.968058
"201",23.68,24.6,23.299999,24.23,56564885,22.468807
"202",24.9,25.27,24.280001,24.42,61784725,22.644995
"203",25.200001,25.25,24,24.620001,65233922,22.83046
"204",24.48,24.48,23.700001,24.040001,58369556,22.292618
"205",24.030001,24.4,23.709999,24.139999,42082393,22.385347
"206",24.18,24.5,23.709999,23.85,44145818,22.116426
"207",24.15,24.59,23.92,23.99,54820071,22.246252
"208",23.889999,24.33,23.530001,23.549999,36928345,21.838232
"209",23.41,23.959999,23.4,23.879999,38674223,22.144245
"210",23.48,24.030001,23.440001,23.940001,45342404,22.199886
"211",24.18,24.49,23.959999,24.15,61888272,22.394621
"212",24.049999,24.4,23.959999,24.379999,25862358,22.607903
"213",24.290001,25.1,24.02,24.780001,49598586,22.978828
"214",24.700001,25.969999,24.68,25.969999,59056604,24.082331
"215",25.780001,26.43,25.23,25.65,47415180,23.785591
"216",25.379999,26.68,25.35,26.030001,58165421,24.137972
"217",25.99,25.99,25.280001,25.629999,30082741,23.767044
"218",25.65,25.65,24.68,24.9,29662937,23.090107
"219",25.030001,25.469999,24.74,25.190001,24109053,23.359028
"220",25.200001,25.290001,24.780001,24.950001,19249225,23.136473
"221",25,25.879999,24.99,25.879999,38616531,23.998873
"222",25.950001,26.48,25,25.290001,39364332,23.451759
"223",25.27,25.530001,25.030001,25.440001,19275406,23.590857
"224",26,26.059999,24.809999,25.73,60814944,23.859777
"225",25.559999,25.559999,24.860001,25.129999,50994597,23.303389
"226",24.809999,25.690001,24.76,25.299999,40717606,23.461031
"227",24.91,25.469999,24.9,25.1,24302282,23.275568
"228",25.120001,25.85,25.120001,25.34,27527878,23.498123
"229",25.120001,25.59,24.9,25,27463688,23.182837
"230",24.950001,25.98,24.91,25.969999,43370349,24.082331
"231",26.58,26.799999,26.139999,26.35,48475993,24.434711
"232",26.690001,27.469999,26.4,27.1,64446335,25.130196
"233",26.780001,27.110001,26.309999,26.459999,31147260,24.536715
"234",26.51,26.75,25.940001,26.52,32153238,24.592354
"235",26.23,26.389999,25.34,25.5,41367428,23.646494
"236",25.709999,26.09,25.15,25.379999,29066349,23.535215
"237",25.450001,25.799999,24.91,25.299999,41224980,23.461031
"238",25.17,25.18,23.700001,24.25,60791923,22.487352
"239",23.92,24.08,23.33,23.879999,49321942,22.144245
"240",23.42,24.219999,23.379999,23.969999,42690126,22.227705
"241",23.84,23.98,23.58,23.799999,22198726,22.070061
"242",24.25,24.559999,23.440001,23.440001,35250178,21.736229
"243",23.67,24.24,23.67,23.82,32281093,22.088608
"244",23.83,24.09,23.67,23.9,24701028,22.162792
"245",23.790001,24.5,23.709999,24.07,22235359,22.320436
"246",23.91,25,23.85,24.93,37772721,23.117926
"247",25.290001,25.530001,24.99,25.049999,42715485,23.229202
"248",25.049999,25.200001,24.629999,25,21438202,23.182837
"249",25.4,25.879999,25.110001,25.33,34014062,23.48885
"250",25.219999,25.559999,25.030001,25.110001,22464920,23.284843
"251",25.1,25.540001,25.01,25.299999,24069490,23.461031
"252",25.129999,25.299999,24.92,25.02,18328134,23.201384
"253",25,25.16,24.32,25.16,36875885,23.331207
"254",25.15,25.5,24.83,25.42,26746606,23.572309
"255",25.5,25.5,24.940001,24.969999,24589586,23.155018
"256",25,25.76,24.99,25.76,36572328,23.887596
"257",25.709999,25.950001,25.4,25.65,25549985,23.785591
"258",25.5,26.17,25.23,25.4,37933680,23.553764
"259",25.35,25.49,25.200001,25.309999,14684703,23.470304
"260",25.42,25.540001,24.93,25.41,23493105,23.563036
"261",25.51,26.35,25.49,26.1,45175617,24.202883
"262",26.200001,26.620001,25.860001,26.059999,30890656,24.165791
"263",25.91,26.879999,25.870001,26.879999,36807163,24.926188
"264",26.700001,27.82,26.629999,27.209999,59230318,25.232201
"265",27.389999,28.15,27,27.75,41185760,25.73295
"266",28.15,28.219999,26.98,27.68,51854317,25.668037
"267",27.27,27.690001,26.889999,27.67,44851322,25.658764
"268",27.450001,27.58,26.85,27.4,51023863,25.408388
"269",27.35,27.98,27.129999,27.77,67173948,25.751497
"270",27.59,27.68,27.17,27.440001,54881388,25.445482
"271",27.290001,27.42,26.5,26.549999,62231982,24.620173
"272",26.85,27.200001,26.67,27.200001,68916495,25.222929
"273",27.35,27.389999,26.91,27.030001,58179380,25.065285
"274",27,27.879999,26.780001,27.629999,70806979,25.621672
"275",27.5,27.6,26.809999,26.950001,61652727,24.9911
"276",26.870001,26.98,26.25,26.969999,61604902,25.009645
"277",27,28.67,26.860001,28.389999,132851283,26.326429
"278",28.459999,28.85,27.719999,27.790001,98251978,25.770044
"279",27.790001,28.5,27.379999,28.01,91916628,25.974051
"280",27.799999,28.549999,27.719999,27.99,60637498,25.955503
"281",28.1,28.540001,27.559999,28.540001,85178537,26.465528
"282",28.799999,30.35,28.540001,29.700001,141479523,27.541212
"283",29.690001,30.52,29.469999,29.940001,83555595,27.763767
"284",30.110001,30.200001,29.059999,29.48,81347026,27.3372
"285",29.35,29.35,28.42,28.57,74410687,26.493345
"286",28.02,28.23,27.02,27.4,83738306,25.408388
"287",27,27.49,26.360001,27.450001,96860959,25.454756
"288",28,28,27.200001,27.450001,79619289,25.454756
"289",27.4,28.25,26.85,27.809999,79146059,25.788588
"290",27.5,28.16,27.23,27.459999,57570624,25.464029
"291",27.5,28.360001,27.370001,28.07,77818137,26.02969
"292",28.059999,29.42,27.76,29.370001,98462778,27.235199
"293",29.4,30.200001,28.950001,29.15,76997894,27.031187
"294",29.15,29.76,28.65,29.530001,61858858,27.38357
"295",29.629999,30.139999,29.42,29.549999,67337269,27.402113
"296",29.379999,29.4,28.68,29.190001,40311517,27.068281
"297",28.84,28.92,28.110001,28.16,48541176,26.113148
"298",28.51,28.959999,28.219999,28.290001,61443794,26.2337
"299",28.549999,29.049999,28.23,28.950001,45642421,26.845728
"300",28.799999,29.52,28.51,28.799999,51732489,26.706629
"301",28.799999,30.75,28.75,30.719999,97032993,28.48707
"302",31.02,33.099998,31,32.07,107851511,29.738943
"303",32.130001,32.48,31.709999,31.99,50927285,29.664759
"304",31.879999,32.52,31.4,32.490002,45311653,30.128418
"305",32.5,33.119999,31.75,32.220001,69209274,29.878042
"306",32.279999,32.799999,31.25,31.540001,74488141,29.247467
"307",32.060001,33.599998,31.780001,33.48,90418699,31.046455
"308",32.900002,33.200001,32.400002,32.77,53905288,30.388065
"309",32.650002,33.200001,31.41,31.84,57378188,29.525661
"310",31.57,31.77,30.809999,31.09,48243677,28.830177
"311",31.77,32,30.879999,30.940001,55780853,28.69108
"312",30.75,31.68,30.01,31.639999,70918500,29.340199
"313",31.5,31.5,30.77,30.98,54353405,28.728172
"314",30.84,30.84,30.309999,30.700001,45926360,28.468527
"315",30.610001,31.51,30.459999,31.48,45455696,29.191828
"316",30.969999,30.969999,29.309999,29.51,125461075,27.365023
"317",29.4,29.75,29.25,29.51,59906379,27.365023
"318",29.799999,29.809999,29.01,29.6,44745667,27.448481
"319",29.41,29.860001,29.200001,29.389999,47222093,27.253742
"320",29.1,29.379999,28.9,29.08,39688302,26.966276
"321",28,28.309999,26.700001,27.1,70069643,25.130196
"322",27.459999,28.16,27.379999,27.98,50303208,25.94623
"323",27.42,28.01,27.26,27.389999,35387944,25.399117
"324",27.280001,27.49,26.700001,27.02,35094363,25.056011
"325",27.27,28.09,26.83,28.030001,47186116,25.992598
"326",27.530001,28.08,27.450001,28.049999,31244454,26.011145
"327",27.66,28.08,27.4,27.6,34395188,25.593853
"328",27.85,28.27,27.799999,28.02,37456659,25.983324
"329",27.870001,28.190001,27.82,28.129999,30726523,26.085329
"330",28.200001,28.209999,27.299999,27.360001,32665096,25.371298
"331",27.48,27.639999,26.91,27.26,25596834,25.278566
"332",27.280001,27.790001,27.200001,27.52,26560389,25.519669
"333",27.4,27.59,27.1,27.360001,20464814,25.371298
"334",27.200001,27.280001,26.66,26.719999,27074052,24.777817
"335",26.9,27.049999,26.610001,26.82,19782977,24.870546
"336",26.790001,27.08,26.299999,27,25196780,25.037464
"337",27,27.620001,26.84,27.620001,40994638,25.6124
"338",27.299999,27.42,27.01,27.16,21472853,25.185835
"339",27.110001,27.110001,26.73,26.92,20052645,24.96328
"340",26.85,27.07,26.700001,26.700001,20014595,24.759272
"341",26.809999,27.02,26.280001,26.440001,31756797,24.518169
"342",26.469999,26.540001,26.25,26.299999,20326070,24.388346
"343",26.639999,27.280001,26.629999,27.030001,57616447,25.065285
"344",27.01,27.290001,26.92,27.120001,33379205,25.148743
"345",27.290001,28.049999,27.17,27.809999,52754702,25.788588
"346",27.870001,28.450001,27.85,28.33,44963005,26.270792
"347",28.24,28.290001,27.809999,28,26937224,25.964777
"348",28,28.049999,27.58,27.83,25043108,25.807135
"349",28.01,28.290001,27.780001,27.93,31141781,25.899866
"350",27.799999,28.200001,27.75,27.91,17167279,25.881319
"351",28.08,28.110001,27.4,27.700001,21916216,25.686584
"352",28.200001,28.379999,27.59,27.73,39015788,25.714401
"353",27.700001,28.450001,27.629999,28.450001,57748439,26.382071
"354",28.4,28.52,28.120001,28.309999,49253755,26.252243
"355",28.120001,28.25,28.030001,28.129999,27012891,26.085329
"356",28.17,28.25,27.629999,27.879999,28251276,25.8535
"357",27.85,27.99,27.709999,27.790001,18469647,25.770044
"358",27.889999,28.08,27.709999,27.84,27406756,25.816408
"359",27.860001,27.959999,27.690001,27.809999,19397801,25.788588
"360",28.18,28.67,28,28.620001,68724266,26.539713
"361",28.5,28.93,28.280001,28.860001,55323911,26.762268
"362",28.76,29.49,28.74,29.17,67262559,27.049734
"363",29.219999,30.280001,29.219999,29.549999,66280103,27.402113
"364",29.450001,29.68,29.129999,29.450001,35106769,27.309383
"365",29.5,29.51,28.65,29.15,39447416,27.031187
"366",29.15,29.690001,29.08,29.15,33284852,27.031187
"367",29.41,29.42,28.91,29.17,17776323,27.049734
"368",29.379999,29.75,29.18,29.209999,31864164,27.086828
"369",29.200001,29.860001,29.110001,29.65,33378002,27.494844
"370",29.43,30.08,29.200001,30,46546356,27.819405
"371",29.9,30.4,29.85,30.059999,34769084,27.875042
"372",29.9,30.299999,29.82,30.129999,23295727,27.939955
"373",29.969999,30.299999,29.84,30.09,26407509,27.902863
"374",30.700001,30.98,30.459999,30.709999,50632248,28.477797
"375",30.709999,31.450001,30.530001,31.1,45761469,28.839451
"376",30.9,31,29.629999,30,59629057,27.819405
"377",30,30.299999,29.73,29.969999,39172976,27.791584
"378",29.959999,30.110001,29.6,30.08,33400429,27.893589
"379",29.809999,30.08,29.700001,29.959999,31983463,27.782312
"380",29.92,30.110001,29.6,29.700001,24260018,27.541212
"381",29.75,30.09,29.75,29.82,20280722,27.652489
"382",29.4,29.4,28.51,28.76,68736913,26.669537
"383",28.5,28.75,28.190001,28.42,36127721,26.35425
"384",27.75,28.25,27.68,28.01,43598284,25.974051
"385",27.719999,27.76,27,27.01,43081932,25.046738
"386",26.65,27.34,26.41,27.02,44678974,25.056011
"387",27.15,27.559999,27.049999,27.360001,36659280,25.371298
"388",27.530001,27.799999,27.360001,27.65,27846622,25.640217
"389",27.85,27.85,27.16,27.290001,25472149,25.306387
"390",27.309999,27.879999,27.280001,27.77,26253227,25.751497
"391",27.620001,27.74,27.18,27.33,28765874,25.343477
"392",27.690001,27.74,26.9,27.129999,52847504,25.158014
"393",26,26.43,25.65,26.34,35041886,25.404051
"394",26.4,26.52,26.16,26.280001,35817484,25.346184
"395",26.9,26.959999,26.42,26.879999,48735996,25.924862
"396",26.780001,27.360001,26.700001,27.17,47873434,26.204559
"397",27.41,27.77,27.25,27.389999,43876277,26.41674
"398",27.540001,27.549999,27.120001,27.16,28559127,26.194914
"399",27.25,27.280001,26.9,26.959999,37428595,26.00202
"400",26.459999,26.559999,26.200001,26.450001,47234597,25.510143
"401",26.620001,26.98,26.469999,26.52,49727530,25.577656
"402",26.549999,26.690001,26.360001,26.549999,26629396,25.606588
"403",26.59,26.639999,25.860001,25.969999,56206446,25.047197
"404",26.219999,26.219999,25.68,25.799999,43493400,24.883238
"405",25.75,26.059999,25.690001,25.889999,43952381,24.970041
"406",25.969999,26.049999,25.610001,25.700001,45452307,24.786793
"407",25.83,26.75,25.73,26.700001,90813036,25.751259
"408",26.83,27.35,26.65,26.700001,78025915,25.751259
"409",26.879999,26.92,26.639999,26.889999,44233073,25.934507
"410",27.049999,27.360001,27.01,27.07,51038050,26.108112
"411",27.200001,27.27,26.98,27.24,38834857,26.27207
"412",27.299999,27.33,26.77,26.91,35039786,25.953796
"413",27.139999,27.809999,27.129999,27.780001,89578471,26.792883
"414",27.77,27.77,27.15,27.209999,48503033,26.243135
"415",27.15,27.16,26.690001,26.82,41648158,25.866995
"416",26.82,27.219999,26.790001,26.940001,36163200,25.982731
"417",27.049999,27.07,26.6,26.73,34542078,25.780193
"418",26.889999,26.950001,26.629999,26.799999,37572663,25.847706
"419",26.49,26.49,26,26.15,60353046,25.220802
"420",26.24,26.33,26.09,26.129999,34823865,25.201511
"421",26.09,26.24,25.940001,26.02,37722610,25.095423
"422",26.1,26.4,26.02,26.219999,51303007,25.288315
"423",26.209999,26.209999,25.91,26,39792972,25.076132
"424",25.969999,26.139999,25.809999,25.9,27585364,24.979685
"425",26.01,26.799999,26.01,26.360001,84617273,25.423342
"426",26.190001,27.02,26.15,26.799999,115615891,25.847706
"427",26.85,26.950001,26.5,26.620001,54104940,25.674103
"428",26.74,26.85,26.51,26.809999,69032626,25.857349
"429",26.950001,27.33,26.84,27.120001,104062813,26.156336
"430",27.190001,27.280001,26.690001,26.77,50029787,25.818771
"431",26.969999,27.73,26.91,27.07,100311550,26.108112
"432",27.200001,27.65,27.049999,27.35,68026263,26.378162
"433",27.5,27.73,26.799999,26.959999,60769949,26.00202
"434",27.08,27.75,27,27.639999,87210299,26.657858
"435",27.74,27.76,27.129999,27.360001,61004893,26.387808
"436",27.25,27.290001,26.67,26.780001,56745385,25.828417
"437",26.75,26.940001,26.549999,26.66,42784772,25.712681
"438",26.809999,27.26,26.75,26.969999,57690067,26.011663
"439",26.959999,26.959999,26.5,26.879999,43097313,25.924862
"440",26.860001,26.940001,26.65,26.67,35602010,25.722324
"441",26.620001,26.809999,26.6,26.65,36328193,25.703035
"442",26.65,26.799999,26.379999,26.530001,33624210,25.587301
"443",26.559999,26.860001,26.190001,26.83,62600106,25.87664
"444",26.93,27.040001,26.719999,26.860001,53898478,25.905575
"445",26.9,27.040001,26.530001,26.879999,98956841,25.924862
"446",26.870001,26.870001,26.42,26.65,67495529,25.703035
"447",26.610001,26.68,26.5,26.57,33840213,25.625877
"448",26.690001,26.809999,26.57,26.74,48524682,25.789837
"449",26.58,26.59,26.32,26.379999,46325932,25.442629
"450",26.32,26.530001,26.209999,26.280001,36333848,25.346184
"451",26.280001,26.299999,26,26.190001,34695218,25.259382
"452",26.23,26.469999,26.07,26.389999,37834059,25.452274
"453",26.440001,26.66,26.370001,26.49,46811531,25.548721
"454",26.4,26.559999,26.110001,26.42,36812361,25.481209
"455",26.459999,26.77,26.4,26.719999,67092991,25.770548
"456",26.75,26.809999,26.6,26.65,48575369,25.703035
"457",26.549999,26.76,26.450001,26.75,38567461,25.799482
"458",26.780001,27.1,26.690001,27.01,66991133,26.050243
"459",27.299999,28.65,27.299999,28.65,136803257,27.631969
"460",28.65,28.700001,28.09,28.35,71718920,27.342628
"461",28.290001,28.389999,27.879999,28,63143543,27.005066
"462",28.01,28.01,27.620001,27.799999,43996162,26.812172
"463",27.83,27.85,27.59,27.700001,44806484,26.715727
"464",27.870001,28.120001,27.860001,28.049999,100684393,27.053288
"465",27.969999,28.18,27.73,28,59698160,27.005066
"466",27.879999,28,27.65,27.780001,34338271,26.792883
"467",27.950001,27.950001,27.610001,27.799999,37326356,26.812172
"468",27.860001,27.879999,27.719999,27.860001,35841778,26.870041
"469",27.959999,28.35,27.959999,28.17,116060612,27.169025
"470",28.08,28.15,27.73,27.9,68546929,26.908619
"471",27.99,28.24,27.950001,28,98518714,27.005066
"472",28.02,28.17,27.940001,28,56382786,27.005066
"473",28.18,28.34,28.129999,28.15,143137048,27.149734
"474",28.25,29.450001,28.15,29.450001,189606295,28.403543
"475",29.35,31.34,29.190001,30.450001,159650008,29.36801
"476",30.5,30.959999,30.200001,30.309999,90793296,29.232983
"477",30.4,31.33,30.299999,31.030001,86113659,29.927401
"478",31.35,32.25,31.35,31.68,89336810,30.554304
"479",31.68,32.189999,30.99,31.01,63883565,29.90811
"480",31.01,31.1,30.09,30.379999,75492476,29.300495
"481",30.4,30.629999,30.18,30.290001,68503732,29.213696
"482",30.5,31.299999,30.5,31.120001,88879074,30.014202
"483",31.23,31.32,30.809999,31,70309648,29.898466
"484",31.35,31.790001,31.02,31.57,91575142,30.448212
"485",31.35,32.450001,31.32,32.18,66349798,31.036537
"486",32.799999,33.599998,32.509998,32.560001,101213040,31.403034
"487",32.709999,32.810001,31.780001,32.049999,80553629,30.911156
"488",31.75,31.76,31.25,31.51,87684058,30.390345
"489",31.610001,31.93,31.35,31.76,57793343,30.63146
"490",31.299999,31.77,31.049999,31.68,52999684,30.554304
"491",32.150002,32.48,31.85,32.200001,78373446,31.055826
"492",32,32.220001,31.35,31.459999,55744373,30.342119
"493",31.4,31.780001,31.26,31.68,62074912,30.554304
"494",31.549999,31.790001,31.370001,31.389999,41971228,30.274607
"495",31.299999,31.49,30.459999,30.49,67294431,29.406588
"496",30.620001,30.93,30.4,30.530001,58139589,29.445168
"497",30.620001,30.85,30.32,30.459999,47221927,29.377653
"498",30.5,30.51,29.52,29.870001,91563767,28.808619
"499",29.559999,29.860001,29.02,29.209999,81796927,28.17207
"500",29.200001,30.34,29.18,30.110001,93771024,29.040091
"501",29.700001,29.780001,28.68,28.99,97737888,27.959887
"502",26.09,27.52,26.08,26.629999,153086547,25.683746
"503",26.9,27.870001,26.9,27.620001,103628313,26.638569
"504",27.51,27.98,27.219999,27.639999,80068551,26.657858
"505",27.75,28.120001,27.42,27.9,87186933,26.908619
"506",27.49,27.6,27.209999,27.5,71378548,26.522833
"507",27.25,28.879999,27.120001,28.67,91123804,27.651258
"508",28.549999,29.530001,28.549999,29.08,68535405,28.04669
"509",28.99,29.299999,28.85,29.08,41758679,28.04669
"510",29.48,30.75,29.459999,29.950001,89569809,28.885777
"511",30,30.799999,29.969999,30.799999,119770317,29.705572
"512",30.940001,30.950001,29.92,30.42,102213900,29.339075
"513",30.01,30.049999,29.52,29.700001,78595188,28.644659
"514",29.719999,30.1,29.549999,29.65,60820721,28.596436
"515",29.51,29.870001,29.280001,29.85,80199628,28.78933
"516",29.799999,29.799999,29,29.25,105920154,28.210649
"517",29.1,29.15,28.42,28.9,94999558,27.873085
"518",28.82,29.65,28.799999,29.33,105297000,28.287806
"519",28.85,30.959999,28.6,30.110001,165445671,29.040091
"520",30.23,30.26,29.379999,29.67,92275882,28.615725
"521",29.25,30.6,29.18,29.59,110129976,28.538568
"522",29.9,31.629999,29.9,31.129999,137574700,30.023846
"523",31.51,31.629999,30.43,31.1,94283195,29.994913
"524",31.280001,32.450001,30.74,32.259998,112979624,31.113691
"525",31.780001,32.700001,31.6,32.299999,92417006,31.152271
"526",31.809999,31.99,30.99,31.129999,67952896,30.023846
"527",30.6,31.129999,30.01,30.559999,84035358,29.4741
"528",30.6,31.57,30.200001,30.85,75381383,29.753796
"529",30.83,31,30.360001,30.379999,55837843,29.300495
"530",30.01,30.629999,29.6,29.91,58936128,28.847197
"531",28.5,29.799999,28.200001,29.4,72441746,28.355318
"532",29.459999,29.459999,28.290001,28.440001,64075359,27.429432
"533",28.549999,28.860001,27.299999,28.110001,70261217,27.111158
"534",27.4,27.639999,26.01,26.299999,191595285,25.365471
"535",25.799999,25.93,24.18,25.280001,150293505,24.381718
"536",25.5,25.940001,25.059999,25.799999,94564153,24.883238
"537",24.84,25.08,24.389999,24.52,69311122,23.648722
"538",25.08,25.16,24.360001,24.879999,91904465,23.99593
"539",25.35,26.6,25.35,26.52,147966991,25.577656
"540",26.219999,26.51,26,26.209999,57045562,25.278669
"541",26.719999,27.16,26.42,26.57,82576581,25.625877
"542",26.1,26.73,26,26.040001,83995608,25.114712
"543",26.35,26.42,25.5,25.629999,59988810,24.719278
"544",26.450001,26.959999,26.25,26.5,105533564,25.558365
"545",26.5,26.940001,26.35,26.870001,64957838,25.915218
"546",26.75,27.18,26.6,26.780001,56474280,25.828417
"547",27.34,27.42,26.799999,27.049999,66311806,26.088821
"548",26.9,27.25,26.75,26.91,40739595,25.953796
"549",27.1,27.16,26.6,26.690001,38329314,25.741615
"550",26.84,27.34,26.59,26.879999,62460322,25.924862
"551",26.74,27.129999,26.610001,27.030001,42973802,26.069534
"552",27.1,27.75,27.02,27.32,63603968,26.349228
"553",27.200001,27.23,26.549999,26.700001,69969557,25.751259
"554",26.52,26.76,26.4,26.57,49262231,25.625877
"555",26.780001,27.030001,26.549999,26.709999,83323822,25.760902
"556",26.780001,26.809999,26.049999,26.52,84246743,25.577656
"557",26.35,26.540001,25.75,26.030001,78654228,25.105066
"558",25.82,26.16,25.66,26.120001,51825558,25.19187
"559",26.190001,26.25,25.9,26.01,44633946,25.085777
"560",25.950001,25.959999,25.530001,25.67,49198167,24.757858
"561",25.709999,26.17,25.559999,25.84,70534944,24.921818
"562",26.15,26.5,25.77,26.379999,77093701,25.442629
"563",26.4,26.98,26.26,26.77,78720434,25.818771
"564",26.9,27.15,26.700001,26.809999,69086895,25.857349
"565",26.200001,26.35,25.950001,26.33,91230819,25.394407
"566",26.18,26.18,25.879999,25.99,56753677,25.066488
"567",26.17,26.370001,25.91,26.280001,90580217,25.346184
"568",26.200001,26.48,26.09,26.41,77487439,25.471563
"569",26.34,26.379999,25.83,25.93,76948373,25.008619
"570",25.809999,25.889999,25.629999,25.889999,60906207,24.970041
"571",25.809999,25.83,25.450001,25.5,69909216,24.593899
"572",25.610001,25.700001,25.41,25.49,45506195,24.584253
"573",25.83,26.379999,25.799999,26.209999,138565294,25.278669
"574",26.48,26.5,26.030001,26.120001,67396593,25.19187
"575",26.120001,26.129999,25.57,25.620001,109491968,24.709637
"576",25.690001,25.74,25.5,25.58,40624920,24.671057
"577",25.51,25.540001,25.139999,25.17,52815667,24.275625
"578",25.23,25.59,24.959999,25.43,50819402,24.526386
"579",25.58,25.860001,25.440001,25.82,54710667,24.902529
"580",25.83,26.1,25.700001,25.9,55078120,24.979685
"581",25.879999,26.559999,25.879999,26.129999,70446246,25.201511
"582",26.120001,26.120001,25.700001,25.73,49487667,24.815725
"583",25.98,26.5,25.98,26.41,77128822,25.471563
"584",26.370001,27.26,26.299999,27.139999,99935083,26.175623
"585",27.4,27.959999,26.83,26.83,92023104,25.87664
"586",27.02,27.129999,26.309999,26.73,71549479,25.780193
"587",26.65,26.719999,26.190001,26.43,64223023,25.490854
"588",26.59,26.85,26.42,26.6,70300795,25.654812
"589",26.6,26.85,26.34,26.42,72568895,25.481209
"590",26.389999,26.41,25.98,26.209999,82446857,25.278669
"591",26.110001,26.209999,25.82,25.93,64546172,25.008619
"592",25.540001,25.93,25.450001,25.780001,55534369,24.863951
"593",25.5,26.120001,25.5,25.639999,68440667,24.728924
"594",25.879999,25.98,25.700001,25.82,57050746,24.902529
"595",25.75,25.84,25.620001,25.67,44931312,24.757858
"596",25.73,26.049999,25.719999,25.889999,72626733,24.970041
"597",25.950001,25.99,25.719999,25.969999,74473664,25.047197
"598",25.879999,25.940001,25.66,25.690001,69567298,24.777149
"599",25.67,25.68,25.49,25.549999,63881505,24.642122
"600",25.690001,26.450001,25.67,26.4,141337784,25.461918
"601",26.1,26.25,25.709999,25.92,88437065,24.998976
"602",26.1,26.25,25.879999,26.16,70546328,25.230448
"603",26.18,28.5,26.17,27.950001,257415120,26.956842
"604",28,28.889999,27.77,28.370001,211375787,27.361919
"605",28.65,29.120001,28.139999,28.65,174435560,27.631969
"606",29.299999,31.15,29.299999,31.02,228669700,29.917755
"607",31.5,32.02,30,30.33,168853783,29.252274
"608",30.299999,30.9,29.65,30.5,158598674,29.416233
"609",30.450001,30.629999,29.879999,30.629999,134245408,29.541613
"610",30.02,30.07,28.99,29.17,208477315,28.133492
"611",28.92,29.389999,28.48,29.18,178965606,28.143137
"612",29.139999,29.5,28.450001,28.940001,132973466,27.911665
"613",29,29.280001,28.280001,28.290001,113769845,27.284761
"614",28.25,28.719999,27.52,27.540001,142277860,26.561413
"615",27.26,27.639999,26.91,27.23,116000677,26.262426
"616",27.389999,28.5,27.290001,28.299999,112344952,27.294405
"617",28.450001,28.530001,27.84,28.01,76989620,27.014711
"618",27.889999,28.299999,27.65,27.889999,87573979,26.898973
"619",27.639999,27.98,27.110001,27.52,99122569,26.542122
"620",27.35,27.879999,26.85,27.030001,116023976,26.069534
"621",27.27,27.280001,26.33,26.719999,93622574,25.770548
"622",26.83,27,26.620001,26.870001,61289043,25.915218
"623",26.709999,27.139999,26.51,27.110001,91560465,26.14669
"624",27.040001,27.1,26.790001,26.91,72422771,25.953796
"625",26.879999,27.23,26.610001,26.84,72471135,25.886284
"626",27.02,27.35,26.92,27.26,105072506,26.291361
"627",27.4,27.950001,27.07,27.75,123874801,26.763948
"628",27.5,27.559999,27.110001,27.35,81132358,26.378162
"629",27.379999,27.629999,26.99,27.360001,81907710,26.387808
"630",27.190001,27.360001,26.9,27.030001,65943185,26.069534
"631",27.08,27.940001,27.049999,27.809999,104427999,26.821817
"632",27.92,28.440001,27.809999,27.879999,102771484,26.889328
"633",27.889999,28.709999,27.799999,28.709999,124977408,27.689837
"634",28.83,29.059999,28.309999,28.610001,77552905,27.593391
"635",27.9,27.9,27.15,27.66,93090005,27.66
"636",27.74,28.65,27.559999,28.209999,134781783,28.209999
"637",28.209999,28.280001,27.5,27.700001,84032018,27.700001
"638",27.639999,27.9,27.299999,27.440001,72163897,27.440001
"639",27.35,27.530001,27.16,27.469999,56370410,27.469999
"640",27.74,27.76,27.209999,27.360001,51064127,27.360001
"641",27.58,27.75,27.1,27.16,55917597,27.16
"642",27.190001,27.450001,27.120001,27.190001,48963532,27.190001
"643",27.120001,27.43,26.959999,27.08,52089356,27.08
"644",27.09,27.17,26.540001,26.950001,53224919,26.950001
"645",27.030001,27.74,27.030001,27.559999,88405739,27.559999
"646",27.610001,27.85,27.18,27.200001,79394643,27.200001
"647",27.18,27.23,26.93,27.219999,52006532,27.219999
"648",27.4,27.709999,27.129999,27.530001,72550775,27.530001
"649",27.6,28.200001,27.42,27.809999,79264755,27.809999
"650",27.559999,28.15,27.459999,28.07,80884045,28.07
"651",27.950001,29.049999,27.950001,28.440001,142060782,28.440001
"652",28.6,29.17,28.16,28.280001,95949832,28.280001
"653",28.1,28.4,27.66,27.98,64033325,27.98
"654",28.360001,29.1,28.360001,28.450001,94874322,28.450001
"655",28.459999,28.459999,27.9,27.99,53466737,27.99
"656",28.01,28.299999,27.51,27.690001,58457974,27.690001
"657",27.65,28.09,27.48,27.879999,58072751,27.879999
"658",27.92,28.379999,27.66,28.190001,55470146,28.190001
"659",28.209999,28.43,27.950001,28.1,56134754,28.1
"660",28.280001,29.280001,28.08,29.27,154827127,29.27
"661",29.290001,29.559999,29.040001,29.139999,71911647,29.139999
"662",28.959999,29.379999,28.700001,28.959999,58374238,28.959999
"663",29.1,29.200001,28.549999,28.67,38291057,28.67
"664",28.57,28.65,27.98,28.1,56033909,28.1
"665",28.01,28.35,27.4,27.620001,69210810,27.620001
"666",27.799999,28.66,27.76,28.41,66753573,28.41
"667",28.43,28.77,28.309999,28.35,40153169,28.35
"668",28.709999,28.709999,27.66,28,48558922,28
"669",28.049999,28.290001,27.74,28.02,67795866,28.02
"670",28.16,28.59,28.049999,28.33,91732160,28.33
"671",28.200001,28.200001,27.870001,27.98,58432739,27.98
"672",27.85,28,27.65,27.75,53396677,27.75
"673",27.610001,27.92,27.57,27.719999,52313460,27.719999
"674",27.700001,27.940001,27.65,27.84,47269488,27.84
"675",28,28.59,27.67,27.74,109886251,27.74
"676",27.639999,27.639999,27.280001,27.459999,61534610,27.459999
"677",27.52,27.629999,27.299999,27.6,46827615,27.6
"678",27.51,28.1,27.5,27.98,61928776,27.98
"679",27.91,28.139999,27.75,27.92,56970938,27.92
"680",28,28.139999,27.82,27.99,59009896,27.99
